lon,lat,pb,proj_ndfi,ctrl_ndfi
-2.8363612683646293,7.593445299228319,-0.023514786915125374,0.13489617869285325,0.15841096560797863
-2.8135108407496574,7.6088791947695,-0.17005027288515054,-0.015449247774903863,0.15460102511024668
-2.8353567462252043,7.629505369415179,0.02221442917203996,0.13471302038308308,0.11249859121104312
-2.838217745658738,7.633998562129594,-0.047457434099459184,0.0725095467021555,0.11996698080161468
-2.8943871657335367,7.580368066485307,-0.038081688883927184,0.07845843338727439,0.11654012227120157
-2.81516107961455,7.599964744941237,-0.008601743088961195,0.16783805605869534,0.17643979914765653
-2.8068782675404687,7.599161629247768,-0.07358857633258477,0.104758942714498,0.17834751904708276
-2.816826800683729,7.604886078745828,-0.0031048476081093207,0.11460345661033426,0.11770830421844358
-2.822141039761172,7.6226120416563425,-0.047231662699456556,0.09376047517757835,0.1409921378770349
-2.8052527825748204,7.601488821326865,-0.050474530524024674,0.1278729885230581,0.17834751904708276
-2.8138674247261446,7.5977406610514,-0.016479672554674474,0.1637564440641049,0.18023611661877936
-2.8134938019667257,7.61916421023187,-0.13877340374428207,-0.008152741889067672,0.1306206618552144
-2.889528116679776,7.569835669110517,-0.04785427771955686,0.1413539556109222,0.18920823333047906
-2.8350628700901774,7.534845512329469,0.06398364459110716,0.1607753886827648,0.09679174409165765
-2.8389510043204935,7.544775894667228,-0.019445856600552563,0.11684465641182487,0.13629051301237743
-2.825832731292332,7.558533520466162,-0.09134750867155671,0.06735077824639633,0.15869828691795304
-2.8457674679941873,7.547476844955066,-0.0940912731431477,0.047404557188192545,0.14149583033134025
-1.7282376137636175,7.515641108249526,0.0542299181520616,0.194997518850357,0.1407676006982954
-1.7519865681132125,7.533676471202575,-0.0983627614903762,0.05779068516183969,0.1561534466522159
-1.757126332010184,7.538309205572169,0.0033874993321466873,0.15954094598436258,0.1561534466522159
-1.7729776818955632,7.526782819499733,-0.04395197102423348,0.11220147562798241,0.1561534466522159
-1.7590084990048074,7.536668880782503,0.025571447200406577,0.18172489385262247,0.1561534466522159
-1.7815868567134703,7.529942884223309,-0.07372037355323026,0.08243307309898563,0.1561534466522159
-1.749966166709069,7.535245276007441,-0.12787184544412517,0.028281601208090715,0.1561534466522159
-1.7605504595754604,7.537230661055521,-0.060262271069986315,0.09589117558222958,0.1561534466522159
-1.764585296097261,7.523417437940553,-0.1227842474440334,0.03336919920818249,0.1561534466522159
-1.7662206743585214,7.5225642783981845,0.05208309565850319,0.20823654231071909,0.1561534466522159
-1.7557413561309216,7.537295727791347,-0.03391452124081912,0.12223892541139678,0.1561534466522159
-1.7638490163110523,7.52903184145259,-0.027671967779328677,0.12848147887288722,0.1561534466522159
-1.7630010232035316,7.532035002027367,-0.027645094765121586,0.1285083518870943,0.1561534466522159
-1.7484878344638413,7.5352151098295534,-0.08948421323839563,0.06666923341382026,0.1561534466522159
-1.7218258580568977,7.526668904790192,-0.05051288138401171,0.09025471931428368,0.1407676006982954
-1.717945576735348,7.515400286090952,-0.04033228618118498,0.10043531451711041,0.1407676006982954
-1.7176285204279809,7.516791175995307,0.036675714765321804,0.1774433154636172,0.1407676006982954
-1.7137982347214507,7.523307880246455,-0.09356545623875334,0.04720214445954204,0.1407676006982954
-1.771481918446525,7.521530576424809,-0.09095397002191748,0.06519947663029842,0.1561534466522159
-1.7155970868919388,7.525127628837839,-0.060210707159788046,0.08055689353850734,0.1407676006982954
-1.7272205229800761,7.515532045453769,-0.07326076038094231,0.06750684031735307,0.1407676006982954
-1.7570444043275393,7.551397584321937,-0.08630348479835603,0.034525088910262854,0.12082857370861888
-1.7474304547577841,7.526882359027787,-0.17395103651006277,-0.01779758985784688,0.1561534466522159
-1.7499401082056043,7.525040944843526,-0.1370809142104077,0.01907253244180819,0.1561534466522159
-1.7471238619388234,7.522039867964679,-0.014194189483793307,0.1419592571684226,0.1561534466522159
-1.7502067624182014,7.532056903458074,-0.060698640493343156,0.09545480615887274,0.1561534466522159
-1.7579316603474822,7.534642936254309,-0.025260812169544983,0.1308926344826709,0.1561534466522159
-1.7469730808846533,7.522862097278159,-0.0848190176803671,0.07133442897184879,0.1561534466522159
-1.7563450904622464,7.533509359332141,-0.06448354438309782,0.09166990226911807,0.1561534466522159
-1.7644434301179595,7.526386295885502,0.007399168388057237,0.16355261504027313,0.1561534466522159
-1.7247035757695846,7.521763681243121,0.020246748739316117,0.1610143494376115,0.1407676006982954
-1.717381721008104,7.5162535259312415,-0.005404771129419894,0.1353628295688755,0.1407676006982954
-1.7158814309375008,7.524177019661723,-0.03646605363209779,0.1043015470661976,0.1407676006982954
-1.7688215922718897,7.518383899525559,-0.0385987306951478,0.1175547159570681,0.1561534466522159
-1.7481976810261743,7.536914168923414,-0.04478663810910942,0.11136680854310647,0.1561534466522159
-1.7479889743070283,7.525352819878729,-0.06736437198568884,0.08878907466652705,0.1561534466522159
-1.7613732470190715,7.5409918193351535,-0.07733697864871261,0.07881646800350328,0.1561534466522159
-1.7483779970693372,7.524774726239275,-0.013213992949568626,0.14293945370264727,0.1561534466522159
-1.7491150508959317,7.524246221118562,-0.1147698037058536,0.0413836429463623,0.1561534466522159
-1.7544122971748983,7.5463582307325625,0.03744047393582409,0.15826904764444297,0.12082857370861888
-1.7493023694408059,7.523137407605996,-0.0719220445356241,0.08423140211659179,0.1561534466522159
-1.7537298616277421,7.5255366220432744,-0.11554369384951857,0.04060975280269732,0.1561534466522159
-1.7605188132604421,7.548352725583412,-0.047939777731876604,0.07288879597674228,0.12082857370861888
-1.7422832829686414,7.5195554781315295,-0.0970785779100494,0.05907486874216649,0.1561534466522159
-1.7481800783413877,7.523141163150572,-0.08453176944057761,0.07162167721163828,0.1561534466522159
-1.7537173146445877,7.530548759180203,-0.08529949443707682,0.07085395221513907,0.1561534466522159
-1.7541101565777166,7.531926489644555,-0.08696862704997527,0.06918481960224063,0.1561534466522159
-1.7476419078843735,7.523689053981549,-0.07328764351408898,0.08286580313812691,0.1561534466522159
-1.7434758072518743,7.5234890162088295,-0.06307392659878094,0.09307952005343495,0.1561534466522159
-1.7520786350334876,7.530909951346646,-0.028271341974615255,0.12788210467760064,0.1561534466522159
-1.7599948195637607,7.549444264162458,-0.03531658425207708,0.0855119894565418,0.12082857370861888
-1.747885421677831,7.522466247587143,-0.046660572773856934,0.10949287387835896,0.1561534466522159
-1.7509466667273548,7.539948811974597,-0.06003713154617732,0.09611631510603857,0.1561534466522159
-1.7637747707055604,7.544833722577347,-0.0023241813479145945,0.11850439236070429,0.12082857370861888
-1.7576258958434898,7.5358014347780164,-0.058393082386669765,0.09776036426554613,0.1561534466522159
-1.7540802287153665,7.5368855192558595,-0.08751996121552863,0.06863348543668726,0.1561534466522159
-1.7571603124532438,7.533161374926996,-0.09891783206312052,0.05723561458909537,0.1561534466522159
-1.7580638423999155,7.536388094309287,-0.05152380351503888,0.10462964313717701,0.1561534466522159
-1.7912382484618652,7.391448200363877,-0.010552287436026209,0.14928189657582683,0.15983418401185304
-1.7618795522020538,7.5363605972303835,-0.06997668098662475,0.08617676566559114,0.1561534466522159
-1.7639433976020342,7.554369768603428,-0.05446484716940339,0.06636372653921549,0.12082857370861888
-1.7705086055718664,7.5529144485396955,-0.03578774207002479,0.08504083163859409,0.12082857370861888
-1.7711637077597706,7.54904490653727,-0.048607143166523425,0.07222143054209545,0.12082857370861888
-1.718259779498855,7.517417001550675,-0.0729807825009958,0.06778681819729959,0.1407676006982954
-1.7685396988035544,7.5511576383889984,-0.08565954613162946,0.03516902757698943,0.12082857370861888
-1.7211130457156778,7.5247050434693215,-0.0552327487212947,0.08553485197700068,0.1407676006982954
-1.7703490486545284,7.548633200793495,-0.015125933247196618,0.10570264046142226,0.12082857370861888
-1.7287215881451217,7.512686242122213,-0.09040757530061358,0.050360025397681814,0.1407676006982954
-1.7300765610659083,7.5140733352434355,-0.08185787020954526,0.05890973048875013,0.1407676006982954
-1.727267886876791,7.513961550762188,-0.08478620446680034,0.05598139623149505,0.1407676006982954
-1.7334332272780033,7.520362385180987,-0.10320807531423587,0.037559525384059524,0.1407676006982954
-1.7181366578705368,7.518411645350261,-0.0851024690511446,0.05566513164715078,0.1407676006982954
-1.7138482993461905,7.517984150488235,-0.05327757070898566,0.08749002998930973,0.1407676006982954
-1.7130194144582684,7.51931555786603,-0.10133402855217863,0.039433572146116765,0.1407676006982954
-1.730209361590709,7.526401734451024,-0.05074438433181851,0.09002321636647688,0.1407676006982954
-1.733701304325221,7.521492581169747,-0.07451320598163282,0.06625439471666257,0.1407676006982954
-1.7100006294866101,7.501938028249074,-0.08398484716874778,0.056782753529547605,0.1407676006982954
-1.7186359451043687,7.515882180933852,-0.029124830410623817,0.11164277028767157,0.1407676006982954
-1.771281774471981,7.551595603112493,-0.05191384913180279,0.06891472457681609,0.12082857370861888
-1.7657252485806803,7.55070060005847,-0.04476915608346019,0.07605941762515869,0.12082857370861888
-1.7314447958202883,7.518445586808483,0.009548685321713712,0.1503162860200091,0.1407676006982954
-1.7660552793462208,7.5531528730137465,-0.06367091032578168,0.0571576633828372,0.12082857370861888
-1.7224357336451095,7.529157061468564,0.020799130300583918,0.1615667309988793,0.1407676006982954
-1.7581910018895053,7.551335470422592,-0.03963580112883064,0.08119277257978824,0.12082857370861888
-1.7551415764046463,7.551008484177517,-0.07274622828924142,0.04808234541937746,0.12082857370861888
-1.7547189539254504,7.552800386606993,-0.04829440403322359,0.07253416967539529,0.12082857370861888
-1.7256649982181471,7.526243344466209,-0.04207905462015582,0.09868854607813957,0.1407676006982954
-2.7328755548404957,7.653862503950471,0.022498997383759156,0.14848916211330995,0.1259901647295508
-2.711439559941733,7.659774677767211,0.00894234579241332,0.12935064195965779,0.12040829616724447
-2.684207147260473,7.663308302315565,-0.02209312020309087,0.09848408769309973,0.1205772078961906
-2.7127172413986345,7.6407211777069195,0.01619257094608839,0.1487181512225432,0.1325255802764548
-2.7106269238101253,7.627453498627135,-0.11136610146913298,0.01679644398956559,0.12816254545869857
-2.7168745619232935,7.661677657949353,0.023224764931516526,0.10627654426251387,0.08305177933099735
-2.6852103652779618,7.642700596313783,-0.01428370391866765,0.10881746851827524,0.1231011724369429
-2.6935156817860655,7.6357853213790525,-0.008989309193204065,0.10932998363831732,0.11831929283152139
-2.811202463507364,7.7045655807775,-0.05899941403233809,0.028173651028474203,0.0871730650608123
-2.782880372071918,7.756918881187673,-0.10621767382831487,0.05308967912950411,0.15930735295781898
-2.7853876126781723,7.7738720912833825,-0.06414798894457625,0.0888080742693755,0.15295606321395175
-2.817586761807566,7.759200769029417,-0.00639918216462379,0.14262124320838207,0.14902042537300586
-2.815871952365114,7.759697279591937,0.027220683447135935,0.1762411088201418,0.14902042537300586
-2.787523421864654,7.775228701928177,-0.0671896514843683,0.06789371943349624,0.13508337091786454
-2.7886830722116374,7.772912620026703,-0.11216962847673778,0.04078643473721397,0.15295606321395175
-2.814511524344831,7.754770889284249,-0.014050447668826599,0.1300619803298551,0.1441124279986817
-2.8175179295978348,7.758395054335839,0.05658311510163122,0.20560354047463708,0.14902042537300586
-2.824465685194849,7.7518641641241635,-0.0018209214000319551,0.14229150659864975,0.1441124279986817
-2.7876534649367124,7.7730395736125315,-0.08859863762170085,0.0643574255922509,0.15295606321395175
-2.792546360947629,7.739168849581847,0.0933731436679192,0.2159678503151229,0.12259470664720369
-2.7888998172790442,7.781960249957989,-0.01129058560448487,0.12464558405969436,0.13593616966417923
-2.787706128530695,7.7817763492519205,-0.07335872463503038,0.06257744502914886,0.13593616966417923
-2.7913458961579742,7.780578838249405,0.04110452132200462,0.17704069098618386,0.13593616966417923
-2.790544997947885,7.765092934632526,-0.10121599205893847,0.0592603439212487,0.16047633598018718
-2.784214054059409,7.764360467554397,-0.09076205376398881,0.06971428221619837,0.16047633598018718
-2.7845407514426803,7.77124795397965,-0.02663798867562453,0.12631807453832722,0.15295606321395175
-2.7857330393876065,7.7718963901581875,-0.058202086565300445,0.0947539766486513,0.15295606321395175
-2.8186337854252153,7.733132186780684,-0.052696701387206016,0.0973542995442002,0.15005100093140622
-2.812821227015548,7.737979925178831,-0.025169663578206214,0.09742504306899748,0.12259470664720369
-2.78993539933217,7.766747796605686,-0.017868179093640413,0.14260815688654677,0.16047633598018718
-2.8098492311673735,7.778253626459044,-0.13827177449649247,-0.0018244068678881786,0.1364473676286043
-2.8208996014987937,7.751689370869312,-0.036362844791449994,0.10774958320723174,0.14411242799868174
-2.7852000033395514,7.776056160538445,-0.04222556381802711,0.08361145816261825,0.12583702198064536
-2.7907259312770005,7.771967927069687,-0.08876089658023761,0.06419516663371413,0.15295606321395175
-2.8264575893873687,7.749691992975686,-0.07328084296459852,0.06408427044679996,0.13736511341139848
-2.8266284188443573,7.750910858031433,-0.15907103410588896,-0.014958606107207242,0.14411242799868174
-2.810374800732111,7.764963625555886,-0.08675398572425602,0.06226643964874984,0.14902042537300586
-2.8121183856103116,7.769282887794237,0.002395577209904215,0.14999943444745217,0.14760385723754796
-2.8125363790130686,7.770161174385111,-0.016857552360391298,0.13074630487715666,0.14760385723754796
-2.8177429826003304,7.718043508081106,0.0005889009186190175,0.08776196597943131,0.0871730650608123
-2.802715208035982,7.717999815191641,-0.050645805378119864,0.03652725968269243,0.0871730650608123
-2.8122693133861763,7.765535326787577,-0.018701894938122465,0.1303185304348834,0.14902042537300586
-2.811035667769245,7.76566870699738,0.0017932079167317094,0.15081363328973757,0.14902042537300586
-2.8209445255215804,7.762199662383551,-0.009784249199503936,0.13923617617350192,0.14902042537300586
-2.8115485520692465,7.766169010737686,-0.0939068986824334,0.05511352669057246,0.14902042537300586
-2.7606965037449784,7.731328847816989,-0.06311961124343655,0.059475095403767136,0.12259470664720369
-2.8022222858179435,7.719241732467595,0.07817520781064469,0.16534827287145698,0.0871730650608123
-2.786508974586395,7.772828171153824,-0.10794544695682409,0.04501061625712765,0.15295606321395175
-2.8181797953150576,7.748385550472069,-0.028528182250026235,0.11588496135165396,0.1444131436016802
-2.820380701184058,7.747028691483241,-0.12327806177875437,0.021135081822925825,0.1444131436016802
-2.784177995208169,7.77029921522184,-0.0697693086436562,0.08318675457029555,0.15295606321395175
-2.811960792991665,7.763255856525951,-0.028644108542162927,0.12037631683084293,0.14902042537300586
-2.817714002933466,7.732731915497439,-0.05550957113137496,0.09454142980003126,0.15005100093140622
-2.7585141435939144,7.659294069757227,0.015081941200969187,0.1178043594843145,0.10272241828334532
-2.8184106130712343,7.718871942637432,-0.08416841552358743,0.04429938682254268,0.12846780234613012
-2.8155288084597023,7.712632592461288,-0.02581314756962983,0.06135991749118246,0.0871730650608123
-2.814981126566229,7.711991810336707,0.028863306836140204,0.1160363718969525,0.0871730650608123
-2.8203675477672805,7.712457114999432,0.03789623690538746,0.12506930196619975,0.0871730650608123
-2.745007399120324,7.624151064380573,-0.0436843989273034,0.10503213982864022,0.14871653875594362
-2.7408589722630143,7.637413785644181,0.022660906532833758,0.13557642514964913,0.11291551861681537
-2.739479443344338,7.637823639377562,-0.08671825203680898,0.026197266580006387,0.11291551861681537
-2.7937043620118276,7.731458917236227,-0.07383131484597433,0.07621968608543189,0.15005100093140622
-2.7918851860996057,7.716216327413134,0.08517965341468742,0.1723527184754997,0.0871730650608123
-2.8123212884799393,7.7226151767016615,-0.00034531011366997766,0.14970569081773624,0.15005100093140622
-2.8122142118854656,7.71797080721215,0.03523973786950457,0.12241280293031687,0.0871730650608123
-2.811240258520138,7.722043932157447,-0.060776413812337365,0.08927458711906885,0.15005100093140622
-2.8132006974591013,7.72098982984804,0.01079445404456858,0.1392622563906987,0.12846780234613012
-2.8053293247222575,7.715820281762888,0.026650878764975183,0.11382394382578748,0.0871730650608123
-2.8047790599311084,7.70575242455872,-0.05510556037431592,0.03206750468649637,0.0871730650608123
-2.79371722283552,7.719278762604666,0.05044895771554514,0.13762202277635743,0.0871730650608123
-2.793850612726162,7.718355588950061,-0.027746888462346082,0.05942617659846621,0.0871730650608123
-2.803105439226249,7.700325831607652,0.022443757495750116,0.12770690650076344,0.10526314900501332
-2.802395734298715,7.712423744573473,-0.05924392218807285,0.02792914287273944,0.0871730650608123
-2.804887768346901,7.721912348937418,0.01290781101680255,0.16295881194820877,0.15005100093140622
-2.811305741438332,7.709774057374151,-0.002918712970501308,0.08425435209031099,0.0871730650608123
-2.80366393903681,7.699517947439115,-0.05605527495830276,0.049207874046710565,0.10526314900501332
-2.806912729805296,7.6933217469975235,-0.03838036879398585,0.06688278021102748,0.10526314900501332
-2.8062119813605406,7.6943288410313295,-0.023610811092188946,0.08165233791282438,0.10526314900501332
-1.7931532351534485,7.355866534413901,-0.0466044101397694,0.09555767191005468,0.14216208204982408
-1.7755542868487053,7.36290547050086,0.022920737521680917,0.15116211672626595,0.12824137920458503
-1.7901560835740677,7.354490368893585,-0.043416092157772965,0.09874598989205112,0.14216208204982408
-1.782703382263035,7.36267803702644,-0.1325009407097662,0.004621494495654105,0.1371224352054203
-1.654900904163836,7.441644242351875,-0.08425621382290155,0.04415098248890572,0.12840719631180728
-1.6702402750044765,8.082691302118773,0.05542099705859718,0.2116164612814762,0.15619546422287903
-1.6698942981304183,8.090034910025262,0.001026213665433831,0.10148632941784289,0.10046011575240905
-1.660646467985962,8.084983627398268,-0.02046227943443865,0.13573318478844038,0.15619546422287903
-1.6604135385844712,8.088175664175155,-0.04284559280523445,0.08284946214125877,0.12569505494649322
-1.6441660367024489,8.09256519056907,-0.07974289623060538,0.05360632480331177,0.13334922103391714
-1.69627401539186,8.069191558349862,-0.10399952614175917,0.07558614665996424,0.1795856728017234
-1.694910813255447,8.068677811507245,-0.07839597727127054,0.10118969553045287,0.1795856728017234
-1.6660354092891245,8.087520696163027,-0.04922498111003004,0.07647007383646318,0.12569505494649322
-1.6666769427857748,8.089280099939835,0.050680591247756895,0.1763756461942501,0.12569505494649322
-1.6947125133627525,8.06947136102474,-0.10966829015924165,0.06991738264248176,0.1795856728017234
-1.6671988638920314,8.08122074784923,-0.12361738687230175,0.05149690436948903,0.1751142912417908
-1.6623611271489522,8.086652154112171,-0.026425748315381664,0.12976971590749736,0.15619546422287903
-1.665147819912336,8.081692618130713,-0.02125135906139128,0.13494410516148775,0.15619546422287903
-1.6684592154476678,8.086807682045789,-0.028636015841876833,0.09705903910461638,0.12569505494649322
-1.670920853058804,8.081673689996844,-0.0856854963695896,0.07050996785328943,0.15619546422287903
-1.6961461353101948,8.06984405820282,-0.1636133429969901,0.0159723298047333,0.1795856728017234
-1.6686888952991614,8.089160737898158,0.02137524899615942,0.14707030394265264,0.12569505494649322
-1.6703073914919018,8.087288581433137,0.006584503270218617,0.13227955821671183,0.12569505494649322
-1.6654947265259594,8.075597591755173,-0.07760842588140854,0.07732469057053798,0.15493311645194652
-1.6423813041495043,8.094525167628221,-0.028056499020437053,0.09830204409404852,0.12635854311448558
-1.6594469028854077,8.086341285219365,-0.06991590588878674,0.08627955833409229,0.15619546422287903
-1.6683407397715821,8.081775276989456,0.008011205911147234,0.16420667013402626,0.15619546422287903
-1.6614837885588016,8.086876468383187,-0.07348762367057074,0.05220743127592248,0.12569505494649322
-1.6193326203960676,7.954590780635869,-0.079748222847412,0.06975741725116337,0.14950564009857537
-1.618576948692303,7.955171290321261,-0.05394700506108181,0.0656974979593129,0.11964450302039471
-1.620077040354485,7.962358252281395,-0.031732487219992556,0.1088267740305755,0.14055926125056806
-1.6172279920360326,7.95622602094756,-0.02081412448234296,0.09815743705528544,0.1189715615376284
-1.6207215112382134,7.962988339803383,-0.03635639838512979,0.10420286286543827,0.14055926125056806
-1.6449555413751014,7.923926682641056,-0.08064893337855641,0.05881450072727101,0.13946343410582743
-1.6267634961104538,7.9377498387605305,0.001896686514275353,0.15816566687723657,0.15626898036296122
-1.6255034752036017,7.934014106135546,-0.07953887486625316,0.07673010549670806,0.15626898036296122
-1.6249438651321046,7.930132967070976,-0.0018024329779094128,0.14567877787465405,0.14748121085256347
-1.6252881366891514,7.933025706686494,0.07137380752285524,0.22764278788581646,0.15626898036296122
-1.6259128136119048,7.930347135709854,-0.08836132511276734,0.059119885739796124,0.14748121085256347
-1.615341204287878,7.952002179653178,-0.03932547430398091,0.11018016579459446,0.14950564009857537
-1.6192477690170404,7.958719296983059,-0.06711124132115032,0.09027264719325137,0.1573838885144017
-1.6127176420183271,7.953320481842555,0.031591385208183526,0.1810970253067589,0.14950564009857537
-1.612292586973837,7.952151972488769,-0.06549310505294956,0.08401253504562581,0.14950564009857537
-1.6181023358721216,7.95131671587827,-0.030186992471258597,0.10624504205575962,0.13643203452701821
-1.630315753383402,7.968290890033527,-0.03214017170087377,0.10532846941947571,0.13746864112034948
-1.6267305026391188,7.961460102909373,-0.04673900435003257,0.09158325166219065,0.13832225601222323
-1.619024902242601,7.961923128662072,-0.013029363000160554,0.1275298982504075,0.14055926125056806
-1.6155256341475266,7.949022632043632,-0.05710735672999777,0.09972264881911187,0.15683000554910964
-1.6272234033405613,7.960387852680922,-0.022284483014329823,0.1160377729978934,0.13832225601222323
-1.630319654685739,7.965842506646471,-0.04040181980544515,0.10477131360399249,0.14517313340943763
-1.6292382874843834,7.965533106367941,-0.07476371788928446,0.07040941552015317,0.14517313340943763
-1.6265474996466815,7.956415451484455,-0.04088208065477124,0.08450359349154117,0.1253856741463124
-1.6083814404823595,7.9616433453236795,-0.021431501435363737,0.11912775981520432,0.14055926125056806
-1.8532098311729155,7.6459611308197255,0.02403450809454953,0.11895713267994054,0.09492262458539101
-1.8734926259074982,7.680393921712596,-0.004603056123737181,0.14809038005009117,0.15269343617382836
-1.8553222485731438,7.64019532502863,0.07896562962383308,0.1738882542092241,0.09492262458539102
-1.8536648366323745,7.63881845280431,-0.021007517429513414,0.07391510715587761,0.09492262458539102
-1.8531829965653686,7.639445314256854,0.006542090062353817,0.10146471464774484,0.09492262458539102
-1.8446489568590883,7.679497986997162,-0.0479743375359034,0.08767695599882412,0.13565129353472752
-1.9059849121848087,7.68778752464252,-0.10340035694458116,0.04929307922924719,0.15269343617382836
-1.864248447658811,7.657879497979347,-0.021243175349675472,0.1195113158297857,0.14075449117946118
-1.8739320498793763,7.673130033596808,-0.0071821326464815705,0.12846916088824595,0.13565129353472752
-1.8453322322535617,7.644991395963335,-0.04435625608522465,0.05056636850016636,0.09492262458539101
-1.8710508586612047,7.675155976494383,-0.07262240841919176,0.08007102775463659,0.15269343617382836
-1.8712950470983944,7.666827278077749,-0.05967905347675996,0.07597224005796756,0.13565129353472752
-1.8808731613542178,7.673011363354088,-0.12024727370928542,0.03244616246454293,0.15269343617382836
-1.8488134496795514,7.639684062117106,-0.0006504724523261896,0.09427215213306483,0.09492262458539102
-1.8789115720933898,7.659638623888975,-0.08795144394514742,0.04769984958958009,0.13565129353472752
-1.839081605829493,7.629952204731788,0.017341379300419832,0.1024777350327237,0.08513635573230387
-1.879491835258982,7.673740908858936,-0.04559033212551716,0.10710310404831119,0.15269343617382836
-1.8728681991420408,7.674464590827275,-0.04038647927502986,0.1123069568987985,0.15269343617382836
-1.8439799431870856,7.6357202931771155,0.01941290687926392,0.11433553146465494,0.09492262458539102
-1.8437384911295729,7.642429032130522,0.06517688551170549,0.1600995100970965,0.09492262458539101
-1.866765376065146,7.675545239658134,-0.07381443144898234,0.06183686208574518,0.13565129353472752
-1.783089442747418,7.3603053495398045,-0.07317867147814425,0.06394376372727606,0.1371224352054203
-2.666132964035229,8.005137457825251,0.0034736024123195736,0.12331688368139795,0.11984328126907838
-2.6778083642387323,7.366911359806681,-0.01642452961705257,0.09025677593674,0.10668130555379257
-1.8495137329038194,7.503851056036402,-0.013089729155768254,0.14306371749644764,0.1561534466522159
-1.8537189427142449,7.516889930800142,-0.03676251737284203,0.11939092927937386,0.1561534466522159
-1.8585650938051452,7.510332686062074,0.020207229136084276,0.17636067578830017,0.1561534466522159
-1.859141000784138,7.509242786276961,-0.06418924154266893,0.09196420510954696,0.1561534466522159
-1.856859355357344,7.518276174176722,-0.12259910867565245,0.033554337976563445,0.1561534466522159
-1.8570064563480064,7.517231094822296,-0.046045667013091734,0.11010777963912416,0.1561534466522159
-1.8559061206053882,7.521238392296468,-0.0633637612846072,0.09278968536760869,0.1561534466522159
-1.8747056851958133,7.509059290095711,-0.03790497221860392,0.11824847443361197,0.1561534466522159
-1.8613199055493852,7.504621238367385,-0.03252394481185733,0.12362950184035856,0.1561534466522159
-1.8596338423653245,7.501264915300791,-0.08280448428624466,0.07334896236597123,0.1561534466522159
-1.869515943979038,7.496580842851247,-0.10273168431027242,0.05342176234194347,0.1561534466522159
-1.8580618219980538,7.507635907358692,-0.06648306735273612,0.08967037929947977,0.1561534466522159
-1.8560669508982415,7.512229849659178,-0.16036349115474308,-0.004210044502527169,0.1561534466522159
-1.8576387324277863,7.497126493213293,-0.05696542178319475,0.09918802486902115,0.1561534466522159
-1.859005792290337,7.507449581623552,-0.07746584580793478,0.07868760084428111,0.1561534466522159
-1.8499845425337673,7.502804001459268,-0.024163094783523326,0.13199035186869257,0.1561534466522159
-1.8454243904675902,7.499495296466601,-0.14375908506102675,0.012394361591189146,0.1561534466522159
-1.8488295259152803,7.493630163244811,-0.06008694364058913,0.09606650301162677,0.1561534466522159
-1.845916815075487,7.487704666890534,0.005847973305903947,0.16200141995811984,0.1561534466522159
-1.8450804211221414,7.501457637470437,-0.0319865908782731,0.12416685577394279,0.1561534466522159
-1.8470056294475243,7.504939661663652,-0.019165222833325668,0.13698822381889023,0.1561534466522159
-1.8289656882832366,7.505443909239635,-0.04608463870175809,0.1100688079504578,0.1561534466522159
-1.8338123267947781,7.509829623618226,-0.1301378775880436,0.026015569064172295,0.1561534466522159
-1.86337988584641,7.508153031358304,-0.05335922138191185,0.10279422527030405,0.1561534466522159
-1.8282777370475898,7.506885912244592,-0.04319689352952771,0.11295655312268818,0.1561534466522159
-1.8660615729260948,7.5066280360022155,-0.1056388775082284,0.05051456914398749,0.1561534466522159
-1.8450896806722719,7.505567183290282,-0.06566870807330791,0.09048473857890799,0.1561534466522159
-1.8415806262235166,7.517268323372053,-0.1821984130720604,-0.026044966419844495,0.1561534466522159
-1.839510486382134,7.522730402885602,-0.07438557004177183,0.08176787661044406,0.1561534466522159
-1.8374005240800457,7.525374461481334,-0.07868123625050061,0.07747221040171529,0.1561534466522159
-1.8496979858926048,7.512213561204382,-0.0014593937164552873,0.1546940529357606,0.1561534466522159
-1.8401737071641036,7.519823688881875,-0.08568881696262101,0.07046462968959488,0.1561534466522159
-1.8457487247116262,7.509016731002163,-0.07154044311322602,0.08461300353898987,0.1561534466522159
-1.8446333621638937,7.504630236529212,-0.06368105529784185,0.09247239135437405,0.1561534466522159
-1.8465312211004046,7.50635167517775,-0.08514688765729186,0.07100655899492403,0.1561534466522159
-1.8511813509561779,7.512952382740096,-0.03012220693526521,0.12603123971695068,0.1561534466522159
-1.7242955400113176,7.480774327354042,-0.13153512928085348,0.012119535418011015,0.14365466469886448
-1.7256684581077857,7.48046317838906,-0.00011844312481101849,0.14353622157405346,0.14365466469886448
-1.7294119852191998,7.442740549430704,-0.025930125644529248,0.09530111903073349,0.12123124467526274
-1.7545608008879277,7.403880017222666,0.0030030311129982112,0.15046917966140788,0.14746614854840967
-1.6843469931138964,7.49585741254292,-0.15148936127751403,-0.019583749968799413,0.13190561130871462
-1.723481211121695,7.481134900238518,-0.150176296164531,-0.006521631465666519,0.14365466469886448
-2.3892746136983356,6.9621434183844295,0.025224020633026215,0.08353690049740899,0.05831287986438277
-2.389221482943679,6.937660240261262,-0.005585366841614911,0.11704844629602354,0.12263381313763845
-1.6767087283402524,7.662551243582652,-0.047422584300505305,0.07249282592786668,0.11991541022837199
-1.6917311935905228,7.660608784455234,-0.030913663860092255,0.12032152486346565,0.1512351887235579
-1.6899923314444065,7.658378592312092,-0.014220178910953452,0.13701500981260445,0.1512351887235579
-1.6930448283196264,7.660059302143177,-0.027463207748660443,0.12377198097489746,0.1512351887235579
-1.6979138818296569,7.657548810609527,-0.05109791153959446,0.10013727718396341,0.15123518872355787
-1.68382122337419,7.668199343062553,-0.020100090542901614,0.09981531968547036,0.11991541022837197
-1.6944375768839115,7.661295976941455,-0.08125658235187003,0.06997860637168787,0.1512351887235579
-1.6829158260615629,7.66957851488053,-0.026441131844930632,0.09347427838344134,0.11991541022837197
-1.6753066693380505,7.654233670618617,-0.11524838292433995,0.052782302736141457,0.1680306856604814
-1.6960247933507977,7.659163624457649,-0.08839382635272233,0.06284136237083557,0.1512351887235579
-1.6924215351322371,7.65151973246326,-0.06387713465857393,0.11740329638096371,0.18128043103953764
-1.684669199519837,7.667690565246481,-0.04355641775268865,0.07635899247568333,0.11991541022837197
-1.68981136822456,7.660358788624006,-0.07557962869559207,0.06482240044488802,0.14040202914048008
-1.6909927753300287,7.671933446882732,0.00586711830860627,0.11466770255376971,0.10880058424516344
-1.6985759506336116,7.658544543829505,-0.039479403132480384,0.11175578559107752,0.1512351887235579
-1.6904288480419913,7.668525617859099,-0.053644611729321764,0.08675741741115832,0.14040202914048008
-1.682040062682008,7.656597773328888,-0.0741503813494385,0.08954471190969121,0.1636950932591297
-1.688769326575552,7.653503854466851,-0.07524749319763341,0.11326981137495609,0.1885173045725895
-1.6782515164842928,7.662274075712241,0.016580788659751405,0.1364961988881234,0.11991541022837199
-1.6818428007611905,7.6639555738023235,-0.015669812543914002,0.10424559768445797,0.11991541022837197
-1.682000875919838,7.676766641714953,-0.06306600848100216,0.04573457576416127,0.10880058424516344
-1.6868798392418913,7.674055202111085,-0.022300538941228396,0.08650004530393504,0.10880058424516344
-1.6836658197312828,7.675990813220855,-0.030100877432486947,0.07869970681267649,0.10880058424516344
-1.6869292959418285,7.675059015199713,-0.05722600071289017,0.05157458353227327,0.10880058424516344
-1.6875887463434294,7.675124739091904,0.007912591910124792,0.11671317615528823,0.10880058424516344
-1.6857989979440475,7.674220648688474,0.011143224089440573,0.11994380833460401,0.10880058424516344
-1.682455735890921,7.675793488834502,0.017500169466486873,0.1263007537116503,0.10880058424516344
-1.6939573971062154,7.67126036991123,-0.05461892831661122,0.054181655928552216,0.10880058424516344
-1.6855127307681481,7.664636469352406,-0.03798908978315481,0.10241293935732527,0.14040202914048008
-1.6836133675607443,7.664343681420783,-0.02437897000782531,0.09553644022054666,0.11991541022837197
-1.6854889844797492,7.666757161655197,-0.03169109922012088,0.1087109299203592,0.14040202914048008
-1.6924512895737838,7.657145809930383,-0.04998667608063377,0.1012485126429241,0.15123518872355787
-1.694604200150314,7.660084980812709,-0.055962118410042755,0.09527307031351515,0.1512351887235579
-1.6809120359901009,7.64264750680579,-0.09105482893746865,0.090225602102069,0.18128043103953764
-1.6559700754288977,7.639408864860595,-0.006681556682672202,0.14228730562107184,0.14896886230374404
-1.6644947739387392,7.6404568291517885,-0.08936505061955405,0.05960381168418998,0.14896886230374404
-1.6614164568979841,7.659636223063568,-0.036196096744285464,0.08852682342786795,0.12472292017215342
-1.6601174897892605,7.6568013938889194,0.016494647833696918,0.14121756800585034,0.12472292017215342
-1.6384376561374412,7.660573537709888,-0.06298726898147258,0.061735651190680814,0.1247229201721534
-1.661245325600935,7.648302440726391,-0.09201368397339751,0.06387630703475256,0.15588999100815007
-1.6744935656379776,7.639421150445472,-0.022343342636768043,0.126625519666976,0.14896886230374404
-1.6640796824166908,7.652769805525309,-0.11653862361190212,0.0359956186928242,0.15253424230472631
-1.682534687184426,7.6470502517361885,-0.0577339238724249,0.12354650716711274,0.18128043103953764
-1.661025300328332,7.653049092744773,-0.07729889463309877,0.07523534767162754,0.15253424230472631
-1.6966273802551266,7.654683066099119,-0.08199484590245781,0.11302002585185775,0.19501487175431556
-1.6724050066476783,7.631272183676942,-0.048644888973900804,0.044529148183663686,0.09317403715756449
-1.6712054190082173,7.634032397013787,0.023053060927022306,0.14557320319545147,0.12252014226842917
-1.6696319943794227,7.637211475378869,-0.10429288559910485,0.04467597670463919,0.14896886230374404
-1.6822194034160651,7.65183896783482,-0.05503251619057817,0.12624791484895947,0.18128043103953764
-1.6713246479151482,7.632961923712936,-0.04674345727615588,0.04643057988140861,0.09317403715756449
-1.6780365251320102,7.642963115411096,-0.009531794453796955,0.1717486365857407,0.18128043103953764
-1.689411009382533,7.646699540018731,-0.08847846587745306,0.09280196516208458,0.18128043103953764
-1.6794147435778082,7.64282348299966,-0.003544433049664314,0.17773599798987333,0.18128043103953764
-1.6876159516248308,7.656324814046378,-0.09890584605359651,0.06140672552875229,0.1603125715823488
-1.697005855976411,7.642512352074693,-0.06455826603028036,0.07720867076595059,0.14176693679623095
-1.6865105039809962,7.664795205544223,0.006248177416271011,0.1466502065567511,0.14040202914048008
-1.6888391065271569,7.6520471769478196,-0.14538066395409252,0.03589976708544512,0.18128043103953764
-1.6896066334534559,7.655161458413384,-0.1285840713008532,0.06643080045346242,0.19501487175431562
-2.614958565400759,7.7249734121774045,-0.03197869654744083,0.11659287404695194,0.14857157059439277
-2.633018263600139,7.6935707202094505,-0.07573085254613013,0.05301121577875401,0.12874206832488413
-2.598137787750877,7.72085183893498,-0.020043957186824835,0.11771633172479987,0.1377602889116247
-2.5982618045551105,7.725113088910022,-0.04561458642348061,0.10295698417091216,0.14857157059439277
-2.5992955457061084,7.7226510700516044,-0.10553340510879644,0.03222688380282826,0.1377602889116247
-2.599049739504938,7.7508382089653765,0.019625346710019934,0.1364462890953056,0.11682094238528566
-1.508156446671062,8.02316303798345,-0.05629752003930671,0.0427778100858281,0.09907533012513481
-1.5191139533189495,8.011287600985424,0.03035245653047823,0.12819372207286336,0.09784126554238513
-1.5304011103741426,8.020789933831217,0.026543656479096553,0.1011959667262598,0.07465231024716325
-1.5288768410552926,8.015677792965926,-0.021151789060026308,0.07668947648235883,0.09784126554238513
-1.776842673004805,7.773910089520707,-0.07459792136900897,0.04937309395164287,0.12397101532065184
-1.7580958928388877,7.768556293148479,-0.03449186145878956,0.10962931166714228,0.14412117312593184
-1.7431601426777048,7.745152018351611,-0.05925861279254509,0.05915395867394385,0.11841257146648894
-1.752056008970348,7.744463685964993,0.039563783030221025,0.14653404599420822,0.10697026296398719
-1.7512435519115028,7.774041176762059,0.019178430839764893,0.14806692559074275,0.12888849475097786
-1.7773060922227484,7.701347190690965,0.02040505795749825,0.16476542888141188,0.14436037092391363
-1.753035394921516,7.6835281303779235,-0.025606132650096272,0.10759769235716295,0.13320382500725922
-1.7406861004589906,7.69606227992473,-0.049016478091288854,0.0788189881690682,0.12783546626035705
-1.7514230411111105,7.681966000409118,-0.04987373339542682,0.0833300916118324,0.13320382500725922
-1.745185704784941,7.682429203707834,-0.05294750348495389,0.08025632152230533,0.13320382500725922
-1.7461634629524998,7.680023163248292,-0.0025843516353409313,0.10621623260982249,0.10880058424516342
-1.7502597621322127,7.710991930728962,-0.052363040003202424,0.1141375047347213,0.16650054473792372
-1.7434091577433442,7.719270537121758,0.0529352640818027,0.1475257033727097,0.094590439290907
-1.735564609875766,7.731949728727035,-0.07831018332778088,0.09664518345503333,0.1749553667828142
-1.7557414993805034,7.729718778564279,-0.09664469635897338,0.036864452117590533,0.13350914847656392
-1.760696948891842,7.71862046393501,-0.015902118202306886,0.07868832108860012,0.094590439290907
-1.7588686814243237,7.713968628864407,0.017176027136616118,0.16114577476237396,0.14396974762575784
-1.7449479434576303,7.717462581378543,-0.09078015716591663,0.030423700040175417,0.12120385720609204
-1.7504781268025933,7.7238381359446375,0.007169650365439165,0.12684429833685804,0.11967464797141887
-1.7530121371177783,7.709702424813241,-0.06767761958969548,0.07939592922949548,0.14707354881919096
-1.7538097036294003,7.714519318049305,-0.07754148303370612,0.05869449896322013,0.13623598199692624
-1.7504795077118944,8.087982012574235,0.011955548310300199,0.11241566406270925,0.10046011575240905
-1.7620166037156957,8.084069986779074,0.04633365664193388,0.16136002707615615,0.11502637043422227
-1.6993098939587674,8.01069910648916,-0.008663369723998754,0.11009865542489318,0.11876202514889193
-1.7095714573564074,8.034733492938132,0.0005184747721145855,0.08477314317826795,0.08425466840615337
-1.6981224480703807,8.013522491358327,-0.07739609321235943,0.0413659319365325,0.11876202514889193
-1.699286208287091,8.014937342773894,-0.01225990671962321,0.09164833523368507,0.10390824195330828
-1.708853494948496,8.012082354863939,-0.07891231760104847,0.03984970754784347,0.11876202514889193
-1.6421643135282114,8.031592392153474,-0.042524510830614815,0.08278318270035034,0.12530769353096516
-1.641655099375233,8.030588379050082,-0.03215611476341253,0.09315157876755263,0.12530769353096516
-1.706671164026977,8.014679360363528,-0.10725098456314823,-0.003342742609839952,0.10390824195330828
-1.7022792011804315,8.023961895829478,0.0574099230270486,0.15410953259269125,0.09669960956564265
-1.7165900905852438,8.032794577542237,-0.040472570277211795,0.043782098128941585,0.08425466840615338
-1.7046952249277938,8.01075130352187,-0.030772311598061125,0.08798971355083081,0.11876202514889193
-1.5826483422231685,7.961407522806671,-0.002006517996597401,0.11822099632412568,0.12022751432072308
-1.5985633423747938,7.938574079763573,0.016732831401810977,0.1507590881635255,0.13402625676171454
-1.603146301431963,7.966927311571511,-0.08501670251649607,0.06252957373234105,0.14754627624883712
-1.6856361006248,8.012464393959645,-0.12834780610975355,-0.009585780960861615,0.11876202514889193
-1.6236774028317358,7.996307614317374,0.02535098612603226,0.14110387607247404,0.11575288994644178
-1.60270940908371,8.033894090760539,-0.09505332239013424,0.04332121477009919,0.13837453716023343
-1.6355258644932975,7.9498505474971735,-0.025535418296501633,0.11089661623051658,0.13643203452701821
-1.7004319449117227,8.101376161801928,-0.022812682194749856,0.11350676740569712,0.13631944960044698
-1.7536787728637917,8.08982349592074,-0.14124535192461574,-0.04078523617220667,0.10046011575240905
-1.6960862511284702,8.115106983837231,-0.10834259400531344,0.027976855595133535,0.13631944960044698
-1.700549192182421,8.023438055689937,-0.02025368024776235,0.0764459293178803,0.09669960956564265
-1.7014983472898138,8.022790799501726,-0.13774279061613004,-0.012733372595447864,0.12500941802068216
-1.7009375826132922,8.100735928637938,-0.09671760320325833,0.03960184639718865,0.13631944960044698
-1.700294992689164,8.012361580541036,-0.017801125623571917,0.10096089952532002,0.11876202514889193
-1.7129781056931304,8.02862579780568,0.007829018206013338,0.09208368661216672,0.08425466840615338
-1.6074791921611686,7.958697772947836,-0.02698709572969854,0.10851148608705943,0.13549858181675797
-1.593089811138858,7.9470163576895425,-0.0026306070311206547,0.11466728110661178,0.11729788813773244
-1.6048770350513406,7.962748517697496,-0.11539610306371183,0.02516315818685623,0.14055926125056806
-1.7153077701264738,8.032845354523783,-0.04241829546948424,0.04183637293666914,0.08425466840615338
-1.605132527541063,7.972503511276982,0.009685548154223914,0.1277773799595061,0.1180918318052822
-1.6072575944981167,7.9752231725226235,0.04173003831683038,0.15982187012211257,0.1180918318052822
-1.6532519096193725,8.01723618364219,-0.016607286879690937,0.055168861947787064,0.071776148827478
-1.644068324333591,8.101595541599968,-0.029645414648374793,0.10667403495207219,0.13631944960044698
-1.7096510784836767,7.970680464032253,-0.014476151350083899,0.1296974815191836,0.1441736328692675
-1.6812475981222252,8.012055575902636,-0.012984689226941973,0.10577733592194996,0.11876202514889193
-1.6777081086405463,8.010335999311616,-0.0387949053738741,0.0853518151723188,0.1241467205461929
-1.6230799418710056,8.102965852189762,-0.06742674936730468,0.0688927002331423,0.13631944960044698
-1.6450836904621406,8.097853172652917,0.05845892317285721,0.17918130660015275,0.12072238342729553
-1.6331027735696777,8.097126060868398,-0.024952581104501534,0.09984077974413293,0.12479336084863446
-1.6465202787449977,8.10572082857594,-0.024183884289321445,0.11213556531112553,0.13631944960044698
-1.6234504090595316,7.743543180804387,-0.00032712166464263226,0.1094214433913703,0.10974856505601294
-1.6346925573511728,7.735341640062973,-0.038496235559627105,0.06167842690596589,0.10017466246559299
-1.6261716529259467,7.735005596079746,-0.028064682834607363,0.09793448297920082,0.12599916581380818
-1.643893282932478,7.738879656721011,-0.01790885535647327,0.08226580710911972,0.10017466246559299
-1.6095106822650012,7.740661091410229,-0.08827295933357923,0.08151380117090684,0.16978676050448607
-1.6118634212201821,7.743803660847127,-0.0006362811332248641,0.10911228392278807,0.10974856505601294
-1.6458811396747988,7.721144727486135,-0.06586043894261108,0.0573429951241157,0.12320343406672678
-1.6183148463411234,7.749512609663674,-0.10881449940486412,0.04519888632624258,0.1540133857311067
-1.6451516839887288,7.736717357085626,0.016739790071434654,0.11691445253702765,0.10017466246559299
-1.6164564140148205,7.751807999260868,-0.08054103062151086,0.07347235510959585,0.1540133857311067
-1.639858786013022,7.740432689121855,-0.03949644304912121,0.08130933974837706,0.12080578279749828
-1.6688237192930062,7.7177634825605645,-0.10685963946998041,0.014790544787580212,0.12165018425756062
-1.654748653158983,7.716602747779852,0.009695028409595907,0.13624947685141864,0.12655444844182273
-1.6558120775956635,7.732678508658012,0.01763401843486613,0.11780868090045912,0.10017466246559299
-1.644880059096269,7.73573499487276,0.02536422651750385,0.12553888898309684,0.10017466246559299
-1.6462423381124676,7.73702154947051,0.011893013591112264,0.11206767605670526,0.10017466246559299
-1.670502877907046,7.749185235225113,-0.06317394717365636,0.03212980794500889,0.09530375511866525
-1.6202931879461182,7.790939244993293,-0.030621624786976845,0.10541795651652437,0.13603958130350122
-1.6275472234289081,7.747379285912909,-0.08225733342462319,0.07021639290151213,0.15247372632613532
-1.645091863575339,7.737426802360886,-0.04481466088540165,0.055360001580191345,0.10017466246559299
-1.6908304202357007,7.44186236436407,-0.004429218534542451,0.11680202614072029,0.12123124467526274
-1.689921932656498,7.440292515523441,0.044226129828349794,0.16545737450361253,0.12123124467526274
-2.5740714335578843,8.01245969004424,0.04009510746824334,0.15852025559616634,0.118425148127923
-1.7283839002725863,7.744418234210186,-0.004463603617577264,0.12193009077744586,0.12639369439502313
-1.713482964250726,7.742406113586672,-0.037071335669998276,0.09453041730271373,0.131601752972712
-1.7128261173516603,7.744447138859027,-0.04325052722537956,0.08674722252140565,0.1299977497467852
-1.6333101199958477,7.666510965964412,-0.06691207080276895,0.05781084936938446,0.1247229201721534
-1.7171408102955734,7.7405517995217386,-0.047130546688392436,0.08447120628431957,0.131601752972712
-1.6933155106971016,7.7256083009668215,0.02768660722762324,0.13395800630270205,0.1062713990750788
-1.7289405109538383,7.7428828744610945,0.03662771381841398,0.17237184354504737,0.13574412972663338
-1.727542671400828,7.765545791693967,-0.069608274849685,0.06150778510751036,0.13111605995719536
-1.7728177942513093,7.849550425752805,-0.07385649876874634,0.012009433643788633,0.08586593241253497
-1.7425149314207495,7.902159805816652,-0.04457282895986871,0.07350329216328319,0.1180761211231519
-1.744700037253722,7.9027420448945636,0.048036306073223956,0.13376607274058766,0.0857297666673637
-1.7419761548118473,7.903122769699139,0.09710587954031721,0.18283564620768092,0.0857297666673637
-1.7421964976783484,7.904038327937256,0.06509196401222206,0.15082173067958576,0.0857297666673637
-1.7435680451528854,7.889776733551392,0.0119969076820855,0.14978197891989187,0.13778507123780637
-1.7764261016849239,7.847951691978569,-0.025747467266874074,0.060118465145660896,0.08586593241253497
-1.75892289637658,7.884560885715736,-0.07933521079538677,0.06130164631094164,0.14063685710632842
-1.7482396485854763,7.876133347022988,-0.07657223238493228,0.040199995234819264,0.11677222761975155
-1.7489658893659001,7.876445121719712,-0.04892237653701964,0.06784985108273191,0.11677222761975155
-1.749976291629761,7.87744507904256,0.01741987928351739,0.13419210690326894,0.11677222761975155
-1.7484652685105664,7.898865975153129,0.04595234072811498,0.16402846185126688,0.1180761211231519
-1.7497684883016833,7.897074731229286,-0.007764395729271664,0.11031172539388023,0.1180761211231519
-1.7429421075036726,7.902586389150609,-0.0006448469877802926,0.08508491967958341,0.0857297666673637
-1.7503172586669824,7.908942688239654,-0.036706058000836546,0.050997557657716276,0.08770361565855282
-1.7520778738160676,7.895611259605518,-0.027001757675710197,0.09107436344744171,0.11807612112315191
-1.7480510939054825,7.900857230046491,-0.013744815361828602,0.1043313057613233,0.1180761211231519
-1.7728958574170448,7.865532237226106,-0.08245445894194467,0.034350972943525765,0.11680543188547043
-1.7348650546180095,7.924365807895196,0.03455696977787588,0.13450186299728512,0.09994489321940923
-1.7436537522873319,7.902408013585914,-0.04008050896811559,0.07799561215503631,0.1180761211231519
-1.7554977739303927,7.906444799547174,0.04624969865888673,0.13197946532625043,0.0857297666673637
-1.7999898741124083,7.999584499165929,-0.00892167637200024,0.09534136159385866,0.1042630379658589
-1.7269895596198186,7.728387566607217,-0.0019566907987454973,0.10828310110126689,0.11023979190001239
-1.7581115343768323,7.912110325716137,-0.03298950289901485,0.06631813317658508,0.09930763607559993
-1.7628747922783925,7.889213006900802,-0.05645891324205525,0.08132615799575112,0.13778507123780637
-1.7589462727857217,7.883257404789617,-0.017871087925126233,0.12276576918120219,0.14063685710632842
-1.7264947497456682,7.727473720621131,-0.0199627177590241,0.09027707414098829,0.11023979190001239
-1.6222532959687401,7.668317836492086,-0.06199892037588546,0.04939109134071888,0.11139001171660434
-1.617140116375317,7.613220312145019,-0.02921702918670402,0.10048611031219576,0.12970313949889978
-1.6824374762058791,7.677418125027543,0.0031977664620494034,0.11199835070721284,0.10880058424516344
-1.5778178717056468,7.617976916671515,0.016104246994421728,0.15346131807822527,0.13735707108380354
-1.6975792016344662,7.8990622918257944,0.04248359138408256,0.1442072372836978,0.10172364589961524
-1.7152765559325,7.869984825574536,0.007219374640602558,0.09308530705313753,0.08586593241253497
-1.6980353827385417,7.876076341863467,-0.016385045695435335,0.07281192308410168,0.08919696877953702
-1.5761931382842078,7.618301110393626,-0.05114572985699456,0.08621134122680899,0.13735707108380354
-1.6384493627300332,7.66240750673959,-0.05091972748202621,0.0738031926901272,0.1247229201721534
-1.7086347843561982,7.748586080452549,-0.002201696438456885,0.11705877147956577,0.11926046791802265
-1.7273589292240215,7.735715026509281,0.0065925526589986905,0.1395499351498573,0.13295738249085862
-1.6860319713030463,7.729338373282947,0.015358756747570923,0.14787304309035174,0.1325142863427808
-1.6867184825266566,7.730551041430848,-0.06937479731846856,0.07848732899509807,0.14786212631356663
-1.6832250782152514,7.729260327860406,-0.05821939511817378,0.07429489122460703,0.1325142863427808
-1.7092886537244316,7.721174226145455,-0.041419514659227843,0.0781434341685375,0.11956294882776534
-1.7387376102624983,7.758145614487702,-0.10536965694993194,0.01465444809638132,0.12002410504631326
-1.6425943132423957,7.654560144262718,-0.0779473439103319,0.045281880941029425,0.12322922485136133
-1.6432421599382059,7.654823319258865,-0.028880451100786048,0.09434877375057528,0.12322922485136133
-1.6415000597151053,7.663634478800194,-0.012993507073506688,0.11172941309864672,0.1247229201721534
-1.6243555601408504,7.654690051109052,-0.006799956420294392,0.11642926843106693,0.12322922485136133
-1.7226901305153675,7.770362428578485,-0.06586926046954032,0.06301923428143753,0.12888849475097786
-1.6264972559341113,7.650556739177278,-0.04805585105977421,0.07517337379158712,0.12322922485136133
-1.628966287671818,7.654352033409626,-0.03874838473021869,0.08448084012114264,0.12322922485136133
-1.628083070183964,7.654620922296497,-0.04343651260245482,0.07979271224890651,0.12322922485136133
-1.6493539830770547,7.663030982951065,-2.6175904237521475e-05,0.12469674426791588,0.1247229201721534
-1.6230840381445542,7.635355233666838,-0.09238889052436873,0.04085668738159899,0.13324557790596772
-1.639256576699659,7.662393805752457,-0.07719333558395697,0.047529584588196436,0.1247229201721534
-1.6479884618585705,7.658461080728506,-0.041457202589346154,0.08326571758280725,0.1247229201721534
-1.6377113525383296,7.6637313031591745,-0.08627827571233573,0.03844464445981766,0.1247229201721534
-1.6344609857107149,7.666703578023965,-0.10874267188833318,0.01598024828382022,0.1247229201721534
-1.644212761301519,7.656080251830625,-0.09164896087618311,0.03307395929597029,0.1247229201721534
-1.6935550245063216,7.7433839122855685,-0.03410772966654739,0.08560598728515179,0.11971371695169918
-1.6832135141759472,7.7186390721150495,0.016010895210591153,0.12228229428566996,0.1062713990750788
-1.683236491567481,7.717322471521931,-0.013439605466902288,0.12315739444449869,0.13659699991140098
-1.6296286855089779,7.654464254936517,0.039263223315280496,0.16249244816664182,0.12322922485136133
-1.6304414346975125,7.653442382638803,-0.023159289913385186,0.10006993493797614,0.12322922485136133
-1.6412499961322922,7.6659555914146225,-0.01900249865434263,0.10572042151781078,0.1247229201721534
-1.6420918290480122,7.664412070983183,-0.039440015727343875,0.08528290444480953,0.1247229201721534
-1.6837201991582769,7.725648311197087,-0.018948110635991194,0.08732328843908761,0.1062713990750788
-1.6889440271155225,7.73553201141097,0.03946451944778792,0.18318290392699893,0.143718384479211
-1.6876469444886573,7.72721807490448,0.002160627190786371,0.10677676036471134,0.10461613317392497
-1.687736514642531,7.726521230482831,0.004156120226874296,0.1104275193019531,0.1062713990750788
-1.7066295740091237,7.722031259139218,-0.07185774955027793,0.047705199277487405,0.11956294882776534
-1.700349679501141,7.736768901032587,-0.025798162386771864,0.11303773554601286,0.13883589793278472
-1.6940553502248932,7.899476371764509,0.021726297231970268,0.12344994313158551,0.10172364589961524
-1.711090044939212,7.921186164059259,0.0200933536658454,0.14243302537339037,0.12233967170754496
-1.720878378445033,7.89486659517279,0.004187428922711164,0.12226355004586306,0.1180761211231519
-1.7267243013906521,7.889190527293255,-0.01841371927890116,0.09047699442047269,0.10889071369937385
-1.7240401734575717,7.868213217442316,0.002818288447210257,0.08868422085974523,0.08586593241253497
-1.713897864277021,7.74435874690396,-0.03722513825507914,0.09277261149170607,0.1299977497467852
-1.7261673995122184,7.762279873920327,-0.014984276378211231,0.10030185582955793,0.11528613220776916
-1.7260957324392805,7.759681581751289,0.033755186306090326,0.1490413185138595,0.11528613220776916
-1.7210775228334962,7.772241744492565,0.011962366315472844,0.1408508610664507,0.12888849475097786
-1.7251333253438128,7.765202417536903,-0.0036937999007125855,0.12742226005648277,0.13111605995719536
-1.7231999449558615,7.76611185302097,0.04958302344227733,0.18102681917975252,0.1314437957374752
-1.7229236824102212,7.764823533387521,-0.14687807171882206,-0.015762011761626685,0.13111605995719536
-1.723399919269304,7.763906689889157,-0.05463852007888864,0.07647753987830672,0.13111605995719536
-1.724104871664173,7.75888463962649,-0.019959582210573243,0.09532654999719592,0.11528613220776916
-1.724641698837334,7.756017991992178,-0.04771977011413003,0.06756636209363913,0.11528613220776916
-1.63838759289349,7.87779962455028,-0.10662175144703906,0.056750469564599566,0.16337222101163862
-1.6201162779133853,7.613849380443231,-0.10602384439415448,0.0236792951047453,0.12970313949889978
-1.7472948495609923,7.898913044469697,-0.03535192283069093,0.08272419829246097,0.1180761211231519
-1.8001986280786597,7.997558896590363,0.02908609829549802,0.13334913626135692,0.1042630379658589
-1.7152802347379241,7.741504751810756,-0.0032964265959325445,0.12830532637677947,0.131601752972712
-1.6382882199099698,8.020046758287794,-0.030569442981881967,0.06421054477789051,0.09477998775977248
-1.6605502384322806,8.015993904074318,0.033274144470852834,0.10505029329833084,0.071776148827478
-1.6500068147748488,8.017328798915278,0.08104304341159783,0.15281919223907584,0.071776148827478
-1.6584318707259071,8.01453831658368,-0.07062123667970896,0.03195718409550022,0.10257842077520918
-1.6439345146842717,8.029123180946828,-0.0361788047066114,0.08912888882435376,0.12530769353096516
-1.6464337568714766,8.030361763658336,-0.0174748493169897,0.10783284421397546,0.12530769353096516
-1.6540061190780768,8.01261582337247,-0.017313649490009575,0.0962206442815452,0.11353429377155477
-1.6384784139707471,8.019096370855051,0.05975045372125255,0.13152660254873055,0.071776148827478
-1.6388230269678903,8.026812053581258,-0.08693944398326052,0.03289130675420163,0.11983075073746215
-1.6477493164485526,8.028333217271113,-0.07175207728445651,0.05355561624650864,0.12530769353096516
-1.6515525488042428,8.012206362022875,0.010911442621677037,0.12444573639323181,0.11353429377155477
-1.6390517560134419,8.025519831901322,-0.09552416130345277,0.024306589434009374,0.11983075073746215
-1.6380589055527548,8.021809027639398,0.035114261563625127,0.1298942493233976,0.09477998775977248
-1.645205571342814,8.029832899199972,-0.010615330969224818,0.11469236256174034,0.12530769353096516
-1.641029752384412,8.026181291383594,0.007129878330163,0.12696062906762515,0.11983075073746215
-1.651725982435025,8.015831097389915,0.004313685756614435,0.07608983458409244,0.071776148827478
-1.6580684020409162,8.017520201289853,0.045437065514486966,0.11721321434196497,0.071776148827478
-1.64980204832866,8.025886135401354,-0.0646979455900713,0.04656392205366693,0.11126186764373824
-1.6648773904184904,8.024570755964788,-0.046916901114550574,0.07839079241641458,0.12530769353096516
-1.6537630447761358,7.857091359593876,-0.022834471533100156,0.0973262354916564,0.12016070702475655
-1.6623872572704073,7.888303856830854,-0.06323112632434086,0.05805252416860979,0.12128365049295065
-1.7578333322127337,7.877946244086267,-0.02055228313649332,0.10496048845743897,0.1255127715939323
-1.665146117808451,7.912688408554808,-0.06634075099371442,0.04774329639068284,0.11408404738439726
-1.6448775457377631,7.901256133012931,0.00725122762990997,0.10708333401307046,0.0998321063831605
-1.6420243084348118,7.897796468188239,0.07136847982637494,0.1689577127842657,0.09758923295789075
-1.6659574278484892,7.894603713111973,-0.05456918977981982,0.043020043178070934,0.09758923295789075
-1.653192650899417,7.9085852640686225,-0.019231572267986136,0.09485247511641112,0.11408404738439726
-1.6654885377141542,7.897594175279232,-0.06974359739578696,0.027845635562103788,0.09758923295789075
-1.6528090353622886,7.873765570339953,-0.06712663385549951,0.06081593124020247,0.12794256509570198
-1.65355208145826,7.896904722158688,0.02769263225516598,0.12528186521305673,0.09758923295789075
-1.7595441079927125,7.88687483938298,-0.06292325838151407,0.07771359872481436,0.14063685710632842
-1.6419932229748475,7.85617018462995,0.00682051880351893,0.12698122582827548,0.12016070702475655
-1.6611549917189434,7.84679214086682,-0.028420985413956476,0.1107471010644238,0.13916808647838028
-1.6580329449638345,7.847392123340693,-0.04607785387465996,0.09309023260372032,0.13916808647838028
-1.6624032666866977,7.8464551427155955,-0.08660341545676586,0.052564671021614405,0.13916808647838028
-1.6436522553439417,7.850473449970198,-0.014577581301483691,0.12459050517689658,0.13916808647838028
-1.6624503357203013,7.84727847732011,-0.030594469883417505,0.10857361659496277,0.13916808647838028
-1.6615002448245946,7.845866087010599,-0.1075457836147732,0.03162230286360708,0.13916808647838028
-1.6539721589374343,7.865073056944637,-0.04303351995040408,0.055289925082100594,0.09832344503250467
-1.7571371934649318,7.879380907760277,-0.14601198461908965,-0.02049921302515738,0.1255127715939323
-1.7589096083190296,7.8817051738010875,-0.08706909745785016,0.0384436741360821,0.12551277159393226
-1.7619524163398304,7.884822926672583,-0.05799866006918411,0.08263819703714431,0.14063685710632842
-1.7553869566225104,7.894634339933941,-0.07695170465235787,0.0514540631053969,0.12840576775775478
-1.7546979392580602,7.893192669453882,-0.07691506827206122,0.06087000296574514,0.13778507123780637
-1.744934674759993,7.87211091503484,0.05842876281223536,0.15420394661818265,0.0957751838059473
-1.743785130769367,7.8727012687901565,0.04323497580365149,0.13901015960959878,0.0957751838059473
-1.7525984216877624,7.908136527955782,-0.021079679544498117,0.0666239361140547,0.08770361565855282
-1.7511346005654762,7.90535661983382,0.043398813977541945,0.12912858064490565,0.0857297666673637
-1.7536898165265888,7.907447944879379,0.06109489315461164,0.14682465982197535,0.0857297666673637
-1.7542557798381486,7.910657876147153,0.034075420988048916,0.12177903664660174,0.08770361565855282
-1.7328237776076,7.923646662232488,0.008410061068350363,0.1083549542877596,0.09994489321940923
-1.7454472505765732,7.909725965037209,0.05422595360562017,0.141929569264173,0.08770361565855282
-1.758127449105626,7.919333773803594,0.0281748619388021,0.12811975515821133,0.09994489321940923
-1.6348981759930539,7.887048646907853,-0.07643360956236192,0.04485004093058873,0.12128365049295065
-1.8552414103253148,7.5199796476611445,-0.06828860131765249,0.0878648453345634,0.1561534466522159
-1.8568104923661746,7.521839298981978,-0.08354034805671685,0.07261309859549904,0.1561534466522159
-1.8422453549439437,7.50995346067464,-0.011949560327278591,0.1442038863249373,0.1561534466522159
-1.8434211673417333,7.509825891037864,-0.08473117278520377,0.07142227386701212,0.1561534466522159
-1.8576035284190173,7.520273943525929,-0.09194521544722933,0.06420823120498656,0.1561534466522159
-1.8541505981338433,7.502837713883913,-0.01723279952440704,0.13892064712780886,0.1561534466522159
-1.8527188125075102,7.509187705146171,-0.04944726398308155,0.10670618266913434,0.1561534466522159
-1.8534546449808882,7.509635597535327,0.028341412074313038,0.18449485872652893,0.1561534466522159
-1.8551057418229113,7.502993427178244,-0.09656759061008702,0.059585856042128876,0.1561534466522159
-1.8538198485700805,7.501992815468551,-0.08214455568978787,0.07400889096242802,0.1561534466522159
-1.8509786166146334,7.506001282799245,-0.013230801680247234,0.14292264497196866,0.1561534466522159
-1.8583551513756205,7.513395373476253,-0.11407566224517882,0.042077784407037085,0.1561534466522159
-1.8585535034974456,7.512828954730909,-0.004926367619328603,0.1512270790328873,0.1561534466522159
-1.8754286604814578,7.511529040859296,-0.11106657270396791,0.04508687394824798,0.1561534466522159
-1.841917218929181,7.513789177861936,-0.03472405699735247,0.12142938965486343,0.1561534466522159
-1.842274661734164,7.515567794642289,-0.13776158976375757,0.01839185688845832,0.1561534466522159
-1.8402765219868622,7.504311095946353,-0.05845799337270677,0.09769545327950913,0.1561534466522159
-1.847540813751506,7.510684983031972,-0.11787372720637872,0.038279719445837176,0.1561534466522159
-1.8406676571671747,7.515368485406233,0.020550113302266554,0.17670355995448245,0.1561534466522159
-1.8456942347161724,7.511997281257325,-0.10536192818962753,0.05079151846258837,0.1561534466522159
-1.8483925031575357,7.508094051331314,-0.09516544102941127,0.06098800562280463,0.1561534466522159
-1.8430708453550844,7.510834889198821,-0.03786555648749525,0.11828789016472065,0.1561534466522159
-1.843575509272596,7.514121722285633,-0.08559366706587891,0.07055977958633698,0.1561534466522159
-1.8503438966287018,7.523395538587448,-0.03095540565740945,0.12519804099480644,0.1561534466522159
-1.8417984984855962,7.522379914109868,-0.09021083415617898,0.06594261249603692,0.1561534466522159
-1.8442058267813226,7.5131574556285186,-0.09344738682952322,0.06270605982269267,0.1561534466522159
-1.852218251903317,7.515280393699891,-0.06151091230759889,0.094642534344617,0.1561534466522159
-1.846757991506851,7.519025218819325,-0.11146452794454188,0.04468891870767401,0.1561534466522159
-1.845025197327366,7.5184750925150015,-0.043706059336181574,0.11244738731603432,0.1561534466522159
-1.8520133612545933,7.518930764730134,-0.023506908817686162,0.13264653783452973,0.1561534466522159
-1.844941916277517,7.515709233444749,-0.03712758777253351,0.11902585887968238,0.1561534466522159
-2.8533257867264568,7.476012765232074,-0.0023705225621336035,0.12281779659788669,0.1251883191600203
-2.8472260127093767,7.475474727497492,-0.15889439672808708,0.014956080761455978,0.17385047748954305
-2.864089408658999,7.473212368318175,-0.03053232510092485,0.07641079467391958,0.10694311977484443
-2.853454619649751,7.457921700278603,-0.059389700843689525,0.08626326304296408,0.1456529638866536
-2.844885192242759,7.469964789550444,0.054928920802002526,0.15688701221541518,0.10195809141341265
-2.862359006391311,7.5372163652329585,-0.037751531216019124,0.07138508968972167,0.10913662090574079
-1.5087531007629924,7.679206076893621,-0.16753691510078925,-0.0008728486971868454,0.1666640664036024
-1.5582770531248047,7.683493004562426,-0.08307032249179591,0.0536332807061333,0.1367036031979292
-1.5662466789762552,7.721034504827017,-0.05599504270107006,0.06802988486971281,0.12402492757078287
-1.5787422658470072,7.730615287747773,-0.1330373641243828,0.005227750375038531,0.13826511449942133
-1.5775846034716852,7.732842924735094,-0.012145964056016034,0.13648550586964675,0.14863146992566278
-1.5660368691848507,7.722396153163073,-0.09414728892255535,0.029877638648227525,0.12402492757078287
-1.584124636021055,7.741219746543702,-0.05525385547873837,0.1145329050257477,0.16978676050448607
-1.5669802803003214,7.719298652163557,-0.07410559005003733,0.04991933752074553,0.12402492757078287
-1.5390975592261713,7.731959008335398,0.010461873501150465,0.15909334342681325,0.14863146992566278
-1.5455009804693545,7.7636614029527875,-0.06981184103778923,0.08420154469331748,0.1540133857311067
-1.556497172248107,7.723414415690764,-0.04834761706337083,0.07567731050741204,0.12402492757078287
-1.66890268947234,7.3561717291654976,-0.0005549462692128471,0.11798668675957966,0.1185416330287925
-1.6675981533232673,7.369667521360996,-0.09283800814719263,0.05349337965012883,0.14633138779732147
-1.6684276408506864,7.378362584853315,-0.02164352438024203,0.11997295190355645,0.14161647628379848
-1.6894305509514824,7.371722129238443,-0.08290579548603444,0.0755699177568673,0.15847571324290174
-1.6844223089838812,7.361312250632226,-0.043610827293016546,0.07082672244237743,0.11443754973539398
-1.6754724639134193,7.358915245641918,-0.02641951886071829,0.09212211416807423,0.11854163302879252
-1.6837175469597618,7.362279465763378,-0.06440370804683421,0.05003384168855977,0.11443754973539398
-1.6987350980323974,7.351642297112513,-0.09303758914654403,0.08778254924735993,0.18082013839390396
-1.675021464274769,7.3499986062049905,-0.013268586590647446,0.11005837197914947,0.12332695856979692
-1.6850042386711708,7.370904145689349,-0.15964285198904776,-0.001167138746146032,0.15847571324290174
-1.6640486313256837,7.410136003298261,0.015998746425068128,0.1416349162405792,0.12563616981551107
-2.694895373578412,7.847830521236736,-0.030944088639890732,0.13007108146537175,0.16101517010526248
-2.697787078050098,7.871108392020375,-0.1162948853881229,0.017907758668212384,0.13420264405633528
-2.6393366779944105,7.818750915564862,-0.11633473316054208,0.01136184358107678,0.12769657674161886
-2.6487342186877485,7.814726290852897,0.0034635015336313135,0.13116007827525017,0.12769657674161886
-2.6464173986594126,7.820347265200968,-0.017622194101269667,0.1279097941576743,0.14553198825894398
-2.6351781878104426,7.819777825527516,-0.017073907393566956,0.12196745966763853,0.13904136706120548
-2.6475244888473086,7.821222461876099,-0.10966278800604135,0.035869200252902626,0.14553198825894398
-2.6344373846849254,7.8182224966880405,0.10050364783972368,0.17260297339722627,0.07209932555750259
-2.7010981412094823,7.871607752435981,-0.07011268046258745,0.06408996359374783,0.13420264405633528
-2.5815456681255164,7.805872926222035,0.016263189438427,0.10585801472276649,0.08959482528433949
-2.68268540947057,7.877140928756175,-0.039310471813354564,0.10637471891723116,0.14568519073058572
-2.7009714610883875,7.852404693314177,0.002695946870943461,0.16270310841748897,0.1600071615465455
-2.72646680686827,7.935610754739074,-0.04942930068164622,0.10105702659763724,0.15048632727928346
-1.6419431772918074,7.697197656912801,-0.020651470322828255,0.11326533693833028,0.13391680726115854
-1.641004820887132,7.6984843086695935,-0.04135609411423001,0.09256071314692853,0.13391680726115854
-1.6492389565177579,7.67507453473088,-0.06584718604249566,0.04554282567410868,0.11139001171660434
-1.608655993007178,7.705467750639547,-0.13550055231151173,-0.0015837450503531914,0.13391680726115854
-2.8638665819230322,7.5712581913687345,-0.004973273265344219,0.09716835474134734,0.10214162800669156
-2.692845641855074,7.568599656430724,-0.11681547496891703,0.03648075019837929,0.15329622516729632
-2.8149135007164094,7.577250586578219,-0.00769660519260669,0.11050744304318261,0.1182040482357893
-2.836838620569399,7.545856016196802,-0.034243009350642895,0.10204750366173454,0.13629051301237743
-2.8098444449102677,7.568798701495117,-0.04756456204220917,0.10102621523398912,0.1485907772761983
-2.690949858371094,7.569842543383733,-0.10171905918471988,0.051577165982576445,0.15329622516729632
-2.695692540907447,7.571675541062327,-0.023632868806178153,0.1393348512071774,0.16296772001335555
-2.7012483525021938,7.5801973687387045,-0.013967178621151433,0.11574038608364381,0.12970756470479525
-2.843513613625665,7.590570039011061,-0.0859286821889432,0.04616860911128751,0.1320972913002307
-2.851709127193804,7.585461307911946,0.04495434574183679,0.18267899852473507,0.13772465278289828
-2.8585405192792486,7.5689091054020405,-0.11289654501473678,0.08694676466143805,0.19984330967617484
-2.8647325873608147,7.559490340226307,-0.10496751656090789,0.039759966972330085,0.14472748353323797
-2.8671986602366184,7.571002715176898,-0.03819241134568836,0.0639492166610032,0.10214162800669156
-2.8596773144966843,7.578794374354195,-0.10023847901462166,0.03242658381420249,0.13266506282882415
-2.8603627071239317,7.5736488251585685,0.05075430253615838,0.15289593054284994,0.10214162800669156
-2.867311883868629,7.565773160086276,-0.02708450848375163,0.14117882972682588,0.1682633382105775
-2.8575173373926206,7.617470672048008,0.004184544373935631,0.12685814213892757,0.12267359776499194
-2.8503706214822384,7.624511783216635,-0.011691388787200843,0.11894795987781971,0.13063934866502055
-1.728489497742906,7.526535684105612,0.007462770055992246,0.14823037075428763,0.1407676006982954
-1.7586896021987406,7.53862984997805,-0.0705172035739373,0.08563624307827859,0.1561534466522159
-1.729818364456807,7.531895821384162,-0.042601636626095535,0.11355181002612036,0.1561534466522159
-1.7473041814261463,7.536422339077105,-0.09445289092834382,0.06170055572387208,0.1561534466522159
-1.719730391191669,7.571295336284617,-0.04994603989041119,0.0893551607974721,0.1393012006878833
-1.8052291186317662,7.569146071514575,-0.02013074045167111,0.11470324127303037,0.13483398172470148
-1.7916098272850653,7.535859838131838,-0.18976144525083258,-0.033607998598616684,0.1561534466522159
-1.7157379878292183,7.535886018923478,-0.051056426285276985,0.0697721474233419,0.12082857370861888
-1.7142209403488766,7.536848483726831,-0.018099113838103198,0.10272945987051568,0.12082857370861888
-1.6409352182127783,7.658154037049523,-0.03217859494169112,0.09254432523046228,0.1247229201721534
-1.7274064799082298,7.570373201283629,-0.0580346274060138,0.07679935431868772,0.1348339817247015
-1.7972728662156316,7.554863379421746,-0.0002841922787048118,0.12054438142991407,0.12082857370861888
-1.7943234992732897,7.5591111429391695,-0.054752493383357165,0.06607608032526172,0.12082857370861888
-1.7424472098978596,7.419045195983247,-0.08609205401585077,0.044479886680565454,0.13057194069641623
-1.7977944230773069,7.547082420924984,-0.010635270188054574,0.14551817646416132,0.1561534466522159
-1.7507006779106424,7.5339860045874545,-0.016562208562853592,0.1395912380893623,0.1561534466522159
-1.7545390088424364,7.54180109066071,-0.050192835807929145,0.07063573790068974,0.12082857370861888
-1.7245017267166012,7.522542956894418,-0.04785277262513665,0.09291482807315873,0.1407676006982954
-1.735639716045824,7.558039125067918,0.010502993160377005,0.13133156686899589,0.12082857370861888
-1.7347185095569333,7.5570646156991135,-0.023179131985927456,0.09764944172269142,0.12082857370861888
-1.7653830119875982,7.533237070581884,-0.0380847271636193,0.1180687194885966,0.1561534466522159
-1.7275395523574608,7.56879643657184,-0.01906017638817825,0.11577380533652326,0.1348339817247015
-1.756801070800471,7.528339083658241,-0.07375859577271779,0.0823948508794981,0.1561534466522159
-1.7482220667366741,7.533173317133783,-0.03868463853959686,0.11746880811261903,0.1561534466522159
-1.759975434631071,7.529596027616873,-0.10088107894524985,0.055272367706966044,0.1561534466522159
-1.7274139423936257,7.5698112905581,-0.022474460365402196,0.11235952135929932,0.1348339817247015
-1.7523805183659311,7.538273978710683,-0.06346554822150619,0.09268789843070971,0.1561534466522159
-1.7250115851811916,7.53537914411756,-0.040178831849059765,0.08064974185955912,0.12082857370861888
-1.763877689758427,7.557375000323999,-0.07739148022607939,0.04343709348253949,0.12082857370861888
-1.7341552156547357,7.519943516602129,-0.03943791173800937,0.10132968896028602,0.1407676006982954
-1.7564247769489278,7.542021690580176,-0.023410302047048206,0.09741827166157067,0.12082857370861888
-1.7511442275889826,7.523645445596308,-0.09561817806275803,0.06053526858945786,0.1561534466522159
-2.700596761902752,7.359389240784273,-0.10370297664351848,0.028731383550810466,0.13243436019432894
-1.5657980165946803,7.5132428927932455,-0.11743778716091484,0.026732045773478694,0.14416983293439353
-1.577291101344824,7.510502345644121,-0.05904089849589503,0.0851289344384985,0.14416983293439353
-1.660161548266876,7.512391518484267,-0.03209469984258023,0.10867290085571515,0.1407676006982954
-1.5666125928513523,7.511982275302703,0.02932897402624668,0.1734988069606402,0.14416983293439353
-1.6821058385801047,7.512378341494255,-0.046864104190417005,0.09390349650787838,0.1407676006982954
-1.5584781344215257,7.513690412010824,-0.11663604710068913,0.027533785833704402,0.14416983293439353
-1.5528070807074754,7.515054250595889,-0.057060396000736924,0.08710943693365661,0.14416983293439353
-1.5738700565325794,7.508566000493023,0.004187492803402332,0.14835732573779586,0.14416983293439353
-1.5818662858997543,7.508837019434693,-0.0770472484914459,0.06712258444294764,0.14416983293439353
-1.6150593968469658,7.491852041780342,-0.001388482683556097,0.14278135025083744,0.14416983293439353
-1.6162350337007338,7.491739229769748,-0.040989394986923694,0.10318043794746984,0.14416983293439353
-1.6604972128061282,7.5283223444982115,-0.01779857540841942,0.12296902528987597,0.1407676006982954
-1.5793268950449475,7.509209426242387,0.029702118990176274,0.1738719519245698,0.14416983293439353
-1.5760348719601367,7.517358001640923,-0.12553491704386105,0.018634915890532497,0.14416983293439353
-1.5811527243445245,7.507379522307152,-0.01071665724804749,0.13345317568634604,0.14416983293439353
-1.5674797093615211,7.512310405743604,-0.05234727988540884,0.09182255304898469,0.14416983293439353
-1.5668163909297026,7.505033544932166,-0.08823541533524605,0.05593441759914748,0.14416983293439353
-1.5772844494954514,7.508902981422185,-0.05259648768516402,0.09157334524922951,0.14416983293439353
-1.5794600707414876,7.51044758145486,0.022650946677971295,0.16682077961236483,0.14416983293439353
-1.6657077786583525,7.5161250738731065,0.011100130451442036,0.15186773114973742,0.1407676006982954
-1.5912998773321227,7.535248549946121,-0.13216671468563906,0.011769992629965254,0.14393670731560432
-1.6632491162249041,7.523385967845673,-0.0773008683509604,0.06346673234733499,0.1407676006982954
-1.5494860632604148,7.519354017388704,-0.008768275040480084,0.13540155789391345,0.14416983293439353
-1.652485029003566,7.495985717979846,-0.03701886257560198,0.09488674873311263,0.13190561130871462
-1.6724669407539225,7.52160000695579,-0.04572416097313911,0.09504343972515628,0.1407676006982954
-1.5679001384263054,7.505191642435741,-0.11423954407768487,0.02993028885670866,0.14416983293439353
-1.7071032121350775,7.634122600237767,-0.011814983392999273,0.06448997262344083,0.0763049560164401
-1.6558368488662552,7.529361356021786,-0.10201224207371978,0.03875535862457561,0.1407676006982954
-1.554149870341216,7.517975851485898,-0.11780916701381634,0.02636066592057719,0.14416983293439353
-1.5650760886854878,7.499477507252189,-0.10119482823708967,0.04297500469730386,0.14416983293439353
-1.673646029015457,7.52871750523533,-0.08394770651104166,0.05681989418725373,0.1407676006982954
-1.7692166415414234,7.543963741345463,-0.09232021234635562,0.06383323430586027,0.1561534466522159
-1.5776105115042434,7.507925258152198,-0.08373928126093139,0.06043055167346215,0.14416983293439353
-1.568718583525428,7.491138436240561,-0.005510677850854295,0.13865915508353924,0.14416983293439353
-1.6610559516510466,7.516123400328362,-0.08306765730915046,0.05769994338914493,0.1407676006982954
-1.708635723210398,7.652424159928948,-0.023608462238184857,0.15569975707179654,0.1793082193099814
-1.703287553874986,7.640644600211657,-0.03996431683912824,0.07547301314126371,0.11543732998039195
-1.756591457547271,7.668625649027456,0.005445759464375158,0.11424634370953858,0.10880058424516342
-1.7473450538879889,7.658459895450811,-0.06033768821444807,0.11558800941875244,0.1759256976332005
-1.7447407467554013,7.672785520038746,-0.050710007918460906,0.05809057632670252,0.10880058424516342
-1.7124252474200004,7.647579546721076,-0.0440365289205481,0.08202019626967658,0.12605672519022468
-1.7165268766098265,7.654874933701411,-0.10124933878469537,0.07467635884850514,0.1759256976332005
-1.7305900155277716,7.624927569963113,0.0010501409479189983,0.11144250993805475,0.11039236899013576
-1.7138536240085698,7.632086398659494,0.014083575428010461,0.09038853144445057,0.0763049560164401
-1.730855804086633,7.6346993368622424,-0.025573577027071706,0.0643672724942268,0.08994084952129851
-1.729248323314382,7.627907291640265,0.02449549210725091,0.10080044812369102,0.0763049560164401
-1.7304399310988936,7.622571936586224,-0.00032849349867743183,0.11006387549145832,0.11039236899013576
-1.7345681246019784,7.624278576797354,0.06310950750865292,0.17350187649878868,0.11039236899013576
-1.7396649705742948,7.6208281006365635,-0.01173105783410791,0.09866131115602784,0.11039236899013576
-1.7263364033449895,7.662160875223801,-0.055014838157599236,0.09622035056595864,0.15123518872355787
-1.7182929008821295,7.632554629125877,0.03748778562288005,0.11379274163932016,0.0763049560164401
-1.7131446413650433,7.637052177407805,-0.03401574875313858,0.05592510076815993,0.08994084952129851
-1.7140863495049798,7.636749349865481,-0.06661225276478917,0.023328596756509334,0.08994084952129851
-1.7106163394451386,7.635281288739195,-0.007249137373573036,0.08269171214772547,0.08994084952129851
-1.7352894366540992,7.644883995826038,0.0338606110459555,0.1408281621150651,0.1069675510691096
-1.7478268186382049,7.650441519448145,0.04064162088397544,0.14760917195308504,0.1069675510691096
-1.7345178198732183,7.642276274146173,-0.09010170870983168,0.01686584235927792,0.1069675510691096
-1.7547462386355164,7.659360266215605,-0.033944184687971474,0.12377533818072559,0.15771952286869706
-1.7386855624731832,7.647085522714841,-0.10292906714587131,0.004038483923238287,0.1069675510691096
-1.7287706895589,7.648372774641414,0.008118032233859013,0.11508558330296861,0.1069675510691096
-1.7081577170879283,7.6639403880898875,-0.03866209758189837,0.11257309114165953,0.1512351887235579
-1.7244023787832023,7.61000109848585,-0.08699953022978858,0.023392838760347173,0.11039236899013576
-1.7329026263444076,7.628850068799465,0.06149698199509074,0.13780193801153084,0.0763049560164401
-1.7200551274991362,7.625696732410278,0.05864873886408285,0.1690411078542186,0.11039236899013576
-1.7047198761502047,7.657354967867211,-0.05805936262566187,0.093175826097896,0.15123518872355787
-1.7303361860007465,7.661641085618585,-0.07420370288416805,0.10172199474903246,0.1759256976332005
-1.7301368265395027,7.634580145002436,0.06798203100415152,0.15792288052545003,0.08994084952129851
-1.7041904839232271,7.639106616516888,-0.06694327541208712,0.04849405456830483,0.11543732998039195
-1.7259266517681744,7.664339141272549,-0.10168044194371938,0.049554746779838496,0.15123518872355787
-1.7321344142789574,7.644423672745481,-0.04642165823371606,0.06054589283539354,0.1069675510691096
-1.7494787454430474,7.657569020768217,-0.07856824925213883,0.09735744838106168,0.1759256976332005
-1.734080982768513,7.6333564157575635,0.007304615937725661,0.09724546545902417,0.08994084952129851
-1.7400472150044248,7.584426872202714,-0.06673939224965396,0.07256180843822933,0.1393012006878833
-1.7473131326006779,7.5896995036360035,-0.03296098280856463,0.08317982271878338,0.11614080552734801
-1.7489181704212295,7.6609799223425,-0.08458138873662872,0.07313813413206836,0.1577195228686971
-1.7384622837876325,7.592623382825323,-0.040996406005333705,0.07514439952201431,0.11614080552734801
-1.7408683860973442,7.594224632952464,-0.046870270321836396,0.06352209866829936,0.11039236899013576
-1.7395343922394482,7.589922847731497,-0.05227927454326378,0.06386153098408423,0.11614080552734801
-1.7144689065963838,7.6531692590797,-0.16416533870015973,0.011760358933040782,0.1759256976332005
-1.7236627527556634,7.636594580525146,-0.0035352034851738323,0.08640564603612468,0.08994084952129851
-1.7411616820420794,7.6411747965261245,-0.0933018826022349,0.013665668466874697,0.1069675510691096
-1.7138717077828218,7.617772292822822,0.01693111399557594,0.1273234829857117,0.11039236899013576
-1.7373617433158568,7.633170461709149,-0.017657398975395228,0.07228345054590328,0.08994084952129851
-1.714536529851523,7.634071168921672,0.01447984167747414,0.09078479769391425,0.0763049560164401
-1.7067351711962515,7.6421889059205155,-0.04593152976580686,0.08012519542441782,0.12605672519022468
-1.7373507510252408,7.641949681976329,-0.02142032963373515,0.08554722143537445,0.1069675510691096
-1.7080738932119999,7.650494675465444,-0.030446477054919263,0.14886174225506216,0.17930821930998142
-1.7568273630718458,7.66451617016832,-0.0944539424557519,0.03903715069905416,0.13349109315480606
-1.7398330118729117,7.643568767290287,-0.07934686180749395,0.02762068926161565,0.1069675510691096
-1.723975424371556,7.607692849420838,-0.009578731270249274,0.10081363771988648,0.11039236899013576
-1.7267936631738252,7.65434361729954,-0.1009526460302519,0.0749730516029486,0.1759256976332005
-1.7290220732670023,7.6571807490939845,-0.06502149293675477,0.11090420469644574,0.1759256976332005
-1.7592233315609838,7.604308737481572,0.015503875078999488,0.12589624406913524,0.11039236899013576
-1.7450533115732128,7.634103380573369,-0.040607266297036294,0.04933358322426221,0.08994084952129851
-1.7441660089199813,7.634587983788624,0.03120148189582367,0.12114233141712218,0.08994084952129851
-1.7454096912654158,7.6385313152092005,-0.03706247597191778,0.05287837354938073,0.08994084952129851
-1.7276202009655464,7.621028606963481,-0.011460210970734533,0.09893215801940122,0.11039236899013576
-2.909467727413296,7.201275018611951,-0.11202797131537424,0.04384962360906018,0.15587759492443443
-1.7780721067708034,7.545216812547176,-0.05480340885018012,0.10135003780203578,0.1561534466522159
-1.66448929769245,7.404553927548687,-0.05078562568459935,0.09492315420128017,0.14570877988587952
-1.719095462886449,7.430649610158078,-0.07175428319672084,0.0494769614785419,0.12123124467526274
-1.6924704995884914,7.615402899573483,-0.07164564532674103,0.038746723663394725,0.11039236899013576
-1.7066345079058982,7.593422987728092,-0.011974380155809788,0.1273268205320735,0.1393012006878833
-1.7097092793612383,7.617623187666392,-0.0336183880026278,0.07677398098750796,0.11039236899013576
-1.6423292742469742,7.5418601688027715,0.013038825875421767,0.13830530041375852,0.12526647453833675
-1.661419162117514,7.546462158259685,-0.04785111036125514,0.07297746334736374,0.12082857370861888
-1.7190951911282772,7.598792134578578,0.02078840939710705,0.15049154889600683,0.12970313949889978
-1.6600808877558422,7.521096375653082,-0.08479996200778428,0.05596763869051111,0.1407676006982954
-1.6379995360393764,7.614353141613048,0.02795221591657096,0.15765535541547074,0.12970313949889978
-1.669666300014705,7.555534170163396,-0.017704955460180277,0.1031236182484386,0.12082857370861888
-1.7236813844015535,7.599040588102586,0.002199094122150122,0.11259146311228588,0.11039236899013576
-1.6185318577793113,7.550927561314491,-0.07163550830300269,0.05363096623533406,0.12526647453833675
-1.7321523567367183,7.584552582699921,-0.012874163004790246,0.12642703768309305,0.1393012006878833
-1.6141226027725926,7.549569301928123,0.002618507022932509,0.12788498156126926,0.12526647453833675
-1.7275880348688197,7.572309687324298,-0.05712746470394228,0.08217373598394101,0.1393012006878833
-1.7065093404444975,7.594968833400264,-0.12353094596292989,0.006172193535969886,0.12970313949889978
-1.6951313022033587,7.610346237411794,-0.061352168758497194,0.04904020023163856,0.11039236899013576
-1.6929511655638438,7.611653684181725,-0.061358556768598034,0.04903381222153772,0.11039236899013576
-1.661772742846663,7.555551789111628,-0.006155755371882288,0.11467281833673659,0.12082857370861888
-1.6604727290271994,7.571881581402946,-0.06303255894772927,0.07626864174015399,0.13930120068788326
-1.7106817212436258,7.597694193748799,-0.0526187475823343,0.07708439191656548,0.12970313949889978
-1.6423461267451804,7.572460606652158,-0.0672863160220628,0.07201488466582047,0.13930120068788326
-1.650858451816299,7.571615632603953,0.018208990980638995,0.15751019166852226,0.13930120068788326
-1.7206848770017296,7.576236722305659,-0.0415964183330297,0.0977047823548536,0.1393012006878833
-1.6981812096723579,7.598844498594557,-0.025598045404401304,0.10410509409449847,0.12970313949889978
-1.642157475626398,7.573916936006831,-0.0695155601682788,0.06978564051960447,0.13930120068788326
-1.7067349974961987,7.586114401579439,-0.04474602428218555,0.09455517640569774,0.1393012006878833
-1.7195804140564555,7.596117385582875,-0.07488209189251879,0.05482104760638099,0.12970313949889978
-1.7181379241782369,7.5955484741761605,-0.019466703041466735,0.11023643645743304,0.12970313949889978
-1.7051201709195718,7.615202384487269,-0.06274761926500305,0.04764474972513271,0.11039236899013576
-1.6675509957141992,7.555479234817585,0.006228659806545772,0.12705723351516465,0.12082857370861888
-1.7014397830691468,7.618417648768846,-0.0454603644465497,0.06493200454358605,0.11039236899013576
-1.6179234666160005,7.5425150235160014,0.01036602360716779,0.13563249814550454,0.12526647453833675
-1.6508286048864313,7.5520009187818795,0.05063988428430624,0.175906358822643,0.12526647453833675
-1.7091862465018455,7.606814619787555,-0.014546122306079087,0.09584624668405667,0.11039236899013576
-1.6173275183903422,7.539845337833995,0.025621360591664588,0.15088783513000134,0.12526647453833675
-1.6192970565799623,7.541925789839725,0.0020943813190508476,0.1273608558573876,0.12526647453833675
-1.6618673620976252,7.614233007493584,-0.09407998513840307,0.035623154360496706,0.12970313949889978
-1.6708404217410664,7.555949795154935,-0.020369607052841562,0.10045896665577732,0.12082857370861888
-1.6400717965056895,7.551185819024703,-0.008416128899389405,0.11685034563894735,0.12526647453833675
-1.76292264657015,7.60148689654008,0.010511674257768666,0.12090404324790442,0.11039236899013576
-1.7634995737437666,7.6005196789279,-0.0071076831811860836,0.10328468580894967,0.11039236899013576
-1.7354825898483608,7.583762507555107,-0.03655812204214001,0.10274307864574328,0.1393012006878833
-1.73129519219098,7.588304648916629,-0.043287531647043465,0.09601366904083983,0.1393012006878833
-1.7246700791579013,7.58595923256062,-0.03790780507614851,0.10139339561173479,0.1393012006878833
-1.7096687494350435,7.592807430449451,-0.09489571744044321,0.04440548324744008,0.1393012006878833
-1.694491898738997,7.587263563239144,-0.05342205348898779,0.0858791471988955,0.1393012006878833
-1.7042755834995256,7.617894828218109,-0.07561758589221995,0.0347747830979158,0.11039236899013576
-1.6736632859005343,7.5359508708677145,-0.04592893638428587,0.07489963732433301,0.12082857370861888
-1.638448626674516,7.528390703145239,-0.07421933467425056,0.07098616685376267,0.14520550152801323
-1.7087753752137542,7.605117405400922,-0.04208821388429847,0.06830415510583729,0.11039236899013576
-1.7073671516137066,7.614114665083785,-0.05877671161727576,0.051615657372859995,0.11039236899013576
-1.7059958102364814,7.617061763172938,-0.003282723490666495,0.10710964549946926,0.11039236899013576
-1.6496528685664549,7.572040159121319,-0.056860153527781426,0.08244104716010184,0.13930120068788326
-1.7205170247492096,7.599033716669421,-0.05156104224052578,0.078142097258374,0.12970313949889978
-1.7338131832783956,7.582115521970308,-0.10261930845672693,0.03668189223115637,0.1393012006878833
-1.6611902406348504,7.571349928605275,-0.05601137076015683,0.08328982992772643,0.13930120068788326
-1.6516226035510668,7.565992547325298,0.004611176908587256,0.14391237759647052,0.13930120068788326
-1.69657348837989,7.588481477093478,0.005252664326251044,0.14455386501413434,0.1393012006878833
-1.6476925511591338,7.572300616418351,-0.02781367233970855,0.11148752834817471,0.13930120068788326
-1.6955403856775189,7.588829164977364,-0.05589766764291654,0.08340353304496675,0.1393012006878833
-1.6987953329310848,7.5874327516312245,-0.020023921818453222,0.11927727886943007,0.1393012006878833
-1.6168184342978513,7.543659086980763,-0.057495325241757794,0.06777114929657896,0.12526647453833675
-1.6702884532056326,7.537756858127817,-0.037597168455720864,0.08323140525289802,0.12082857370861888
-1.706944178244061,7.583696318198708,-0.07468714327696105,0.06461405741092224,0.1393012006878833
-1.6974308253908719,7.597698616869268,0.0042482504419920075,0.13395138994089179,0.12970313949889978
-1.630254131834346,7.524459197247925,-0.016645251166364505,0.12856025036164873,0.14520550152801323
-1.6151408874269453,7.543033007306511,-0.030923129418268483,0.09434334512006827,0.12526647453833675
-1.716044451034379,7.59539578479425,0.038809457491303934,0.1685125969902037,0.12970313949889978
-1.6182440134187224,7.541467323200108,-0.012140862145956999,0.11312561239237975,0.12526647453833675
-1.7232214215516506,7.57137585881344,-0.0285396437417582,0.11076155694612509,0.1393012006878833
-1.6148552242766696,7.5420561623317885,-0.019003424183653056,0.1062630503546837,0.12526647453833675
-1.667275118739021,7.553406869964921,-0.07804462005341513,0.04278395365520375,0.12082857370861888
-1.7386812743452449,7.582298313683766,-0.08106095360699286,0.05824024708089043,0.1393012006878833
-1.6972469938499666,7.530722403349174,-0.047262394753116235,0.09350520594517915,0.1407676006982954
-1.654452349127852,7.517589794326692,-0.051353607636407866,0.09385189389160536,0.14520550152801323
-1.626078409721374,7.747793790103763,-0.03190369291729697,0.12057003340883832,0.1524737263261353
-1.71748522363145,7.525342343738926,-0.07301801927857937,0.06774958141971602,0.1407676006982954
-1.7374333479945292,7.432302571049662,-0.022462403243487902,0.09876884143177483,0.12123124467526274
-1.6470135678168472,7.7318701544233495,-0.026555942241582406,0.09951952550634628,0.1260754677479287
-1.630437626168763,7.743328282724695,0.0008518118967346666,0.10118419343459724,0.10033238153786257
-1.777685502136025,7.553614439012004,-0.024339163992381063,0.09648940971623782,0.12082857370861888
-1.765505386648408,7.573643534995791,-0.09799526250388535,0.036838719220816156,0.1348339817247015
-1.7743524253576242,7.566464438661932,-0.11999974918224565,0.0008288245263732286,0.12082857370861888
-1.7766352259598697,7.551443414040024,-0.06458264641252379,0.056245927296095094,0.12082857370861888
-1.777385484261033,7.557140387506145,-0.04733574066617288,0.073492833042446,0.12082857370861888
-1.60302636735777,8.108161116254232,-0.07052270902169092,0.046305021499881596,0.11682773052157251
-1.6064890234907827,8.10121733263327,-0.046928729514508605,0.09346169750727731,0.14039042702178592
-1.5790205729474898,8.096461566901668,0.04192924538458283,0.14158449268910434,0.09965524730452151
-1.5882425497934065,8.125257982560084,0.020116824965802138,0.12629339294797093,0.10617656798216879
-1.627805884718529,8.06770813952181,-0.01146916114705028,0.11538599840737164,0.12685515955442192
-1.6265573480311437,8.089961092450404,-0.0044477932666388,0.13718305102382514,0.14163084429046394
-1.617707613242032,8.071587788619798,-0.06988932741629159,0.056965832138130335,0.12685515955442192
-1.632187130509148,8.063415500576552,-0.043805738967454294,0.07661455667382118,0.12042029564127547
-1.6256435729060814,8.071322425689912,-0.0004953632898970772,0.12162356824844534,0.12211893153834241
-1.6163012952236784,8.073812444769855,-0.041124488712789134,0.07586973961477625,0.11699422832756538
-1.6340333827152753,8.066285492625722,-0.04395164412468988,0.07816728741365253,0.12211893153834241
-1.6423476380200794,8.06279552302687,0.0754384535989787,0.17402160312018924,0.09858314952121054
-1.6083490053699516,8.071967952464517,-0.02704659228416237,0.09980856727025955,0.12685515955442192
-1.6081088252424331,8.070275756552334,0.05217330622226836,0.169872300408431,0.11769899418616263
-1.6291634686167094,8.067706502051866,-0.10763361954333826,0.019221540011083657,0.12685515955442192
-1.608646166120844,8.059636184163883,-0.048395378979501,0.06930361520666163,0.11769899418616263
-1.6133725093477795,8.079243916644623,-0.026472702916421703,0.11297029638738096,0.13944299930380266
-1.5789630950980216,8.095383619043233,8.152104594781606e-05,0.09973676835046932,0.09965524730452151
-1.58093341199402,8.131037602483321,-0.09670951103644641,0.009467056945722377,0.10617656798216879
-1.589962882923961,8.12223814285374,-0.013322923238431941,0.08615767441596686,0.0994805976543988
-1.5798397038560952,8.130726073356895,0.09349017107581675,0.19966673905798554,0.10617656798216879
-1.590414183799044,8.123677675245968,0.006689738762465286,0.10617033641686409,0.0994805976543988
-1.6000140719006075,8.100929930953663,0.004358581478376561,0.12118631199994907,0.11682773052157251
-1.6092283206039584,8.072926446513657,-0.058100772607277945,0.068754386947144,0.12685515955442195
-1.6067757789637642,8.062956510152615,-0.011681059995516316,0.10601793419064631,0.11769899418616263
-1.5746043312398232,8.053566060504219,-0.03860548474655272,0.0952822156741165,0.13388770042066922
-1.6061724594084488,8.061280863699299,0.025091211946871514,0.14279020613303414,0.11769899418616263
-1.5613452659482283,8.073806250919327,0.007402345095606361,0.14145403724475275,0.1340516921491464
-1.5746473215890116,8.086118417266624,-0.02345387693564402,0.11291567808247108,0.1363695550181151
-1.5735502737237355,8.053171842491372,-0.03510713616569834,0.09878056425497088,0.13388770042066922
-1.6050543255388365,8.101863181869621,-0.11511294352941967,0.02527748349236625,0.14039042702178592
-1.6004754221553998,8.106449923248386,-0.09301385887958324,0.023813871641989268,0.11682773052157251
-1.6071757894949017,8.080383598355041,-0.04020274094110693,0.09924025836269573,0.13944299930380266
-1.6014720779057463,8.107605053399121,0.01570690215981703,0.13253463268138954,0.11682773052157251
-1.592585337100117,8.08790435426799,0.010102490101695255,0.1517333343921592,0.14163084429046394
-1.5791530270580223,8.075141732560013,-0.07562071966483848,0.05843097248430791,0.1340516921491464
-1.5578725017228428,8.079355425929617,-0.08942304936713791,0.03241197906706629,0.1218350284342042
-1.5477334397932432,8.080686536699456,0.013149255987368255,0.13498428442157245,0.1218350284342042
-1.5339727552548488,8.090961460986199,-0.05079605894180692,0.06158294578186891,0.11237900472367583
-1.5629890792275052,8.081042862076785,-0.09227189567646245,0.02956313275774175,0.1218350284342042
-1.5759285452946519,8.077990398905563,-0.05970388658775054,0.07506551735899776,0.1347694039467483
-1.574282808961693,8.08105432061447,-0.06510915590622098,0.07433384339758169,0.13944299930380266
-1.6056089878684938,8.07973579584452,0.011804185901105907,0.15124718520490857,0.13944299930380266
-1.6041023845497238,8.07163409310445,0.014457630230461857,0.13215662441662449,0.11769899418616263
-1.585057587325501,8.10034756626698,-0.03153093470764756,0.06482974168394011,0.09636067639158767
-1.6095016072617399,8.074245953434671,0.01130622486994809,0.1545140823873538,0.14320785751740572
-1.584060658775568,8.095340866572194,0.001395838727881335,0.10105108603240284,0.09965524730452151
-1.6082738634058538,8.07413978529373,-0.002852760835053758,0.14035509668235194,0.1432078575174057
-1.6076088748092285,8.078371457916104,0.012098498037330235,0.1515414973411329,0.13944299930380266
-1.599604469299037,8.1168417236748,-0.014709499457318989,0.08477109819707981,0.0994805976543988
-1.5879448814458852,8.100402832058801,0.023434745721747044,0.11979542211333472,0.09636067639158767
-1.6045233924897755,8.078169849553289,-0.0607268548100062,0.07871614449379646,0.13944299930380266
-1.5999308577998106,8.115882512773906,0.035383697346210455,0.13486429500060926,0.0994805976543988
-1.5905858030124387,8.099122423584705,0.0032308796481686775,0.09959155603975635,0.09636067639158767
-1.5963097582004264,8.109648203767435,0.01930580267918676,0.13613353320075927,0.11682773052157251
-1.6023670278885158,8.107000072567368,0.043012049358802915,0.15983977988037543,0.11682773052157251
-1.598512016790286,8.106050969378066,0.001956006413816283,0.1187837369353888,0.11682773052157251
-1.6590538680899583,7.99930144968338,-0.035750855798552264,0.0918746860588422,0.12762554185739447
-1.599283396191246,7.953899249477418,-0.06263440992802928,0.0925732291832201,0.15520763911124938
-1.599641853368764,7.969552974881595,-0.16714408163021874,-0.02839533354111301,0.13874874808910573
-1.6020237830138901,7.9714188680451326,-0.05222919323819866,0.06586263856708353,0.1180918318052822
-1.8023803221188437,8.053067750608381,-0.01613764718887928,0.13496808785408437,0.15110573504296365
-2.533654010205993,8.015197181299499,0.008435864954539712,0.1365350106946231,0.12809914574008338
-2.507664727616989,8.024187854043248,-0.06315098738030557,0.06494815835977781,0.12809914574008338
-2.512161897081802,8.02301044112083,-0.02538701179505648,0.1027121339450269,0.12809914574008338
-2.554452394988846,8.023632104878613,-0.040248335467421875,0.0878508102726615,0.12809914574008338
-2.5398000568034877,8.007984686934359,0.016775183571919303,0.1247632999057903,0.107988116333871
-2.5275259478782157,8.015263161419725,0.06046267432044436,0.18856182006052774,0.12809914574008338
-2.5481472974651944,8.013211509075838,0.00775736176109372,0.1255556802760808,0.11779831851498708
-2.5092563130697285,7.993160535530715,-0.04279514007285151,0.0676525469080636,0.11044768698091512
-2.556282907926006,7.980401595825067,-0.005193971248968254,0.09250637982019172,0.09770035106915997
-2.5226476656862826,8.021707466077078,0.026581840890231356,0.15468098663031474,0.12809914574008338
-2.5079969257479235,8.026347364247444,-0.09146357656422442,0.03663556917585896,0.12809914574008338
-2.5546472652338736,8.026597523145512,-0.05813156769061548,0.0699675780494679,0.12809914574008338
-2.535144616915314,8.021795620381868,-0.0024806605958015704,0.1256184851442818,0.12809914574008338
-2.8001527235143544,7.644447856051228,0.028306038109275622,0.15016191263462647,0.12185587452535085
-2.797347506944672,7.64268448186428,-0.00047922262985912456,0.12137665189549172,0.12185587452535085
-2.7796095662305804,7.649074307688726,-0.06451825382193073,0.07031881356087315,0.13483706738280388
-2.677656834277921,7.710993519745339,-0.013900161069849343,0.11833448265570848,0.13223464372555782
-2.8854613266866984,7.325931620605508,-0.04081344567665611,0.11320029620293638,0.1540137418795925
-2.883414690322131,7.323905633893013,-0.05823448247469806,0.11053451421496263,0.1687689966896607
-2.906897011025189,7.262532381496172,-0.0022371444984643912,0.0917229055675817,0.09396005006604609
-2.8626527866870175,7.539662785930676,-0.03359310974981264,0.09802576094379634,0.13161887069360897
-2.7763605344473223,7.756711810955227,-0.1016223471004468,0.05768500585737217,0.15930735295781898
-2.8951767464673264,7.645103163176469,0.08110530865192905,0.1999685774498947,0.11886326879796566
-2.775561216959548,7.653775710400499,-0.04000118105329184,0.10239397650844195,0.1423951575617338
-2.8553159309762783,7.533577961036499,0.0012906595773640173,0.11883751580413403,0.11754685622677001
-2.7491984360941615,7.5928087825159984,-0.058659008169961044,0.08664772891000964,0.1453067370799707
-1.6711862367170882,8.054487199275334,0.00198420199815863,0.13130303383393696,0.12931883183577833
-1.6296628322679063,7.994208813477395,-0.07448707349205146,0.04126581645439033,0.11575288994644178
-1.6495947134578075,8.010335201320514,-0.09643442166045066,0.02248456750840508,0.11891898916885574
-1.6291783664084498,7.997694031837461,-0.033105345169209155,0.09452019668818532,0.12762554185739447
-1.655023653580483,8.000414820844574,0.049507465756037344,0.18207032155494474,0.1325628557989074
-1.5402448379855174,8.18748025353669,-0.039780168631597196,0.14654947505067134,0.18632964368226854
-1.5388889239420458,8.1846931592113,-0.12448439373094704,0.0618452499513215,0.18632964368226854
-1.5401306221441848,8.185750982533117,-0.06885397246339862,0.11747567121886991,0.18632964368226854
-1.5385550716871452,8.186865298662592,-0.117241201751152,0.06908844193111653,0.18632964368226854
-1.7045131092149155,8.002200763631695,-0.008883984074656612,0.11370950087266068,0.1225934849473173
-1.703840985451012,8.005479650331319,-0.01894783945938429,0.11698454280233357,0.13593238226171786
-1.7060336406408478,8.00457241714589,-0.001220259183996264,0.1347121230777216,0.13593238226171786
-1.6760860222895573,8.014383725307935,-0.0887199004295115,0.030042124719380434,0.11876202514889193
-1.5748443578163251,8.11214756917586,-0.044801385806705604,0.04264530446809618,0.08744669027480179
-1.7035256303446733,8.028934486583633,0.008371368161838366,0.09262603656799175,0.08425466840615338
-1.6315917178464863,8.099788507562106,-0.08388122969835819,0.05243821990208879,0.13631944960044698
-1.5429677782000142,8.110679500129793,-0.03825501721416855,0.04919167306063323,0.08744669027480179
-1.550522111617894,8.115049798577381,0.007737412272964414,0.10721800992736322,0.0994805976543988
-1.5507788021383635,8.111188030628544,-0.030120183981549246,0.05732650629325254,0.08744669027480179
-1.7054195952469005,8.005851008914947,0.04333021795632355,0.19062158939631524,0.1472913714399917
-1.636278214250813,8.01363053870236,-0.040127265237898696,0.07340702853365608,0.11353429377155477
-1.5648735183470939,8.066120956651,-0.03324874172288572,0.0844502524632769,0.11769899418616263
-1.7022566327766242,7.454980632422056,-0.01293454197354299,0.10829670270171975,0.12123124467526274
-1.6925203485330533,7.48886069267497,-0.11118879070698585,0.03246587399187863,0.14365466469886448
-1.6865954051171808,7.471409957298436,-0.02649747518791999,0.11715718951094449,0.14365466469886448
-1.704941233243579,7.46823741998267,-0.006631170398409436,0.11014164129302324,0.11677281169143268
-1.6805855852503806,7.474946124744029,-0.0625254963447279,0.08112916835413658,0.14365466469886448
-1.6916738887989915,7.470388655469791,-0.03634971777982059,0.1073049469190439,0.14365466469886448
-1.6983182890621251,7.490521343207213,-0.0181177457701079,0.11378786553860672,0.13190561130871462
-1.6910863723628349,7.482485113305926,0.0124233452177481,0.15607800991661258,0.14365466469886448
-1.6882043854478848,7.462625068558961,0.07240378534335631,0.2008109816551636,0.12840719631180728
-1.6537113152295275,8.005716092401714,-0.06770203064951198,0.051216958519343755,0.11891898916885574
-1.6518716842148164,8.008276612325753,-0.07760758038640059,0.04131140878245515,0.11891898916885574
-1.6578413669895296,7.550178316302672,-0.02071309003368224,0.10011548367493664,0.12082857370861888
-1.6409228914529208,7.539643522793543,-0.11678105072687045,0.008485423811466303,0.12526647453833675
-1.6484552487898352,7.538224188887127,-0.0021910348016655756,0.12307543973667118,0.12526647453833675
-1.6485413141600251,7.54056657116246,-0.02471708248927676,0.10054939204906,0.12526647453833675
-1.647872436471295,7.537840139682838,-0.014040437369358921,0.11122603716897783,0.12526647453833675
-1.6469021313313794,7.546772224622591,-0.04221649581337451,0.08304997872496224,0.12526647453833675
-1.631854453485316,7.503534588165239,-0.03765917076372066,0.10651066217067287,0.14416983293439353
-1.6271879286432207,7.521681638698848,-0.029571439266970756,0.11563406226104248,0.14520550152801323
-1.6397747427773528,7.527426084702818,-0.041004518490016406,0.10420098303799682,0.14520550152801323
-1.6307807322655445,7.523417698253845,-0.10589964337744001,0.03930585815057321,0.14520550152801323
-1.6287874110261666,7.513421557846119,-0.04218125678554935,0.10302424474246388,0.14520550152801323
-1.6188650344448305,7.490643255050654,0.02949668387969956,0.1736665168140931,0.14416983293439353
-1.6541990538405575,7.519374157912354,-0.03928803507185899,0.10591746645615424,0.14520550152801323
-1.6371136573778373,7.466745555443955,-0.04209832896260157,0.10155633573626291,0.14365466469886448
-2.8681148294498775,7.594377949245111,0.02499019718417389,0.1613215816314147,0.1363313844472408
-2.6032604660270953,7.298527684165403,-0.08327131731028117,0.06448414657387536,0.14775546388415653
-2.743710506174398,7.813460280568931,0.0148721713223222,0.13316646088364442,0.11829428956132222
-2.753359055030583,7.793020413299466,-0.052650405063024125,0.07353339117180868,0.1261837962348328
-2.7630536275171473,7.800299759671014,-0.013218919867611978,0.14143650042049571,0.1546554202881077
-2.845997998190709,7.636923157749842,0.013576399241377102,0.12931802248763768,0.11574162324626058
-1.6625954643386818,8.134726561250341,-0.05341811114271901,0.07848428774025674,0.13190239888297575
-1.607277163391201,8.178058933091096,-0.10170001098825211,0.08462963269401642,0.18632964368226854
-1.6492930122440428,8.159985401341682,0.03898994743545965,0.13686808473956558,0.09787813730410592
-1.716560127138303,8.168632002796137,-0.07743011538879888,0.01787106214862065,0.09530117753741953
-1.6741615877846532,8.133741650320781,-0.05466342149855308,0.07723897738442267,0.13190239888297575
-1.7139625623058286,8.147082642194967,-0.0074605126180905534,0.1218575343122297,0.12931804693032026
-1.6528319184248947,8.148539725658745,-0.046458531328909675,0.08285951560141058,0.12931804693032026
-1.6686605968222579,8.124951564448377,-0.0047882436466327866,0.10146426196869084,0.10625250561532362
-1.6262781995754196,8.161474691697107,-0.11482050407022805,0.01007166028226296,0.12489216435249101
-1.7350708925677987,8.154511302528087,-0.055951750415466475,0.05991191998187906,0.11586367039734553
-1.654801768110303,8.148693723521532,-0.004981034699944292,0.12433701223037597,0.12931804693032026
-1.6756079534801087,8.138989477449488,-0.06889044893784188,0.06425769016329463,0.13314813910113651
-1.671709604409557,8.1570912482348,-0.0882213547848448,0.041096692145475455,0.12931804693032026
-1.6457097445428,7.559509224083894,0.01512108384575625,0.140387558384093,0.12526647453833675
-1.6718660034895403,7.556804800755357,-0.0033698434376913666,0.11745873027092751,0.12082857370861888
-1.6388902486671613,7.556782692578147,-0.07518487535665458,0.05008159918168218,0.12526647453833675
-1.7333333938638644,7.604401956360839,-0.00877520752398761,0.10161716146614815,0.11039236899013576
-1.5794208062967057,7.617422102936536,-0.0859068784622656,0.051450192621537945,0.13735707108380354
-1.6968921798636283,7.606154172344052,-0.020995649378911616,0.08939671961122414,0.11039236899013576
-1.669384606662297,7.574688816816387,-0.03610969672781393,0.10319150396006933,0.13930120068788326
-1.703966229194804,7.604763488880388,-0.048549217756552375,0.06184315123358338,0.11039236899013576
-1.7230505184734333,7.60226387866867,0.016585614217924302,0.12697798320806006,0.11039236899013576
-1.5755353637909044,7.61092059302258,-0.003868299586294005,0.13348877149750954,0.13735707108380354
-1.5761577784872998,7.612213478832664,-0.030487319038009567,0.10686975204579398,0.13735707108380354
-1.6901112348663108,7.586683724190819,-0.026113950323186447,0.11318725036469685,0.1393012006878833
-1.5746676216420432,7.610913530914995,-0.10257588229529074,0.034781188788512794,0.13735707108380354
-1.5669815769660265,7.687759945735798,0.01956779440254891,0.15301186352742815,0.13344406912487924
-1.5759790886870004,7.610340445442642,-0.04539272058217525,0.0919643505016283,0.13735707108380354
-1.5640402633872428,7.689211460816175,-0.10688529966581992,0.05651923266473253,0.16340453233055244
-1.7426181770409013,7.586426729796781,-0.03737609656473444,0.10192510412314885,0.1393012006878833
-1.5744580327997182,7.610065259315259,-0.01024733140347045,0.1271097396803331,0.13735707108380354
-1.6982134961306898,7.606463836631366,0.006926312826130973,0.11731868181626673,0.11039236899013576
-1.6457808199087836,7.558234284248219,-0.07502346985945087,0.050243004678885886,0.12526647453833675
-1.565801045530434,7.687544489222822,-0.005823277765144325,0.12762079135973492,0.13344406912487924
-1.5670331165518394,7.688563426310424,-0.04019175056044523,0.09325231856443401,0.13344406912487924
-1.5645294572410913,7.6914041643094615,-0.04655395667041934,0.1168505756601331,0.16340453233055244
-1.6976766352190804,7.60758449268667,-0.04825753201455035,0.0621348369755854,0.11039236899013576
-1.5786929232224658,7.61623207906189,0.0023712156704358556,0.1397282867542394,0.13735707108380354
-1.565558490472936,7.688864800350565,-0.029970017021756737,0.10347405210312251,0.13344406912487924
-1.6768119729184756,7.581463058942917,0.006429378505922373,0.14573057919380566,0.1393012006878833
-1.5649268973907313,7.689682443919821,-0.13206899290250956,0.03133553942804286,0.16340453233055244
-1.6976371224241595,7.606537721246587,-0.0734519720139663,0.036940396976169444,0.11039236899013576
-1.5650635164949744,7.690478036415279,-0.07768570188923529,0.08571883044131715,0.16340453233055244
-1.7121630136572006,7.591675330874431,0.01813905015097353,0.15744025083885682,0.1393012006878833
-1.6515035631678798,7.583722711677989,0.03893685701441321,0.17823805770229648,0.13930120068788326
-1.6467629660230774,7.5584925923823665,-0.06678037909947834,0.05848609543885842,0.12526647453833675
-1.6989395894020958,7.60791183949112,-0.012364393662453899,0.09802797532768186,0.11039236899013576
-1.696453337529651,7.607182973461845,-0.008075986028348234,0.10231638296178752,0.11039236899013576
-1.7018890034773184,7.607658520268856,0.015570250757462531,0.1259626197475983,0.11039236899013576
-1.6530755989447905,7.583246244096264,-0.006332768698558783,0.13296843198932448,0.13930120068788326
-1.5801099108487913,7.6166807462494015,-0.0883617951860936,0.04899527589770993,0.13735707108380354
-1.6457503419354718,7.560873339797066,-0.02675355340920714,0.09851292112912961,0.12526647453833675
-1.7324039490234961,7.580136337725747,-0.12785895348621995,0.011442247201663355,0.1393012006878833
-1.675754415124074,7.59517494157497,-0.009447966800186308,0.12985323388769698,0.1393012006878833
-1.5651997760960978,7.692106877840403,-0.07151768315549548,0.08157796553039043,0.1530956486858859
-1.575399966370818,7.609346196862461,-0.09218311841449017,0.04517395266931338,0.13735707108380354
-1.7083598805649978,7.612026683549593,-0.0006254029719496568,0.1097669660181861,0.11039236899013576
-1.707288856615616,7.595588088296974,-0.04943764770513065,0.08026549179376913,0.12970313949889978
-1.700814672016287,7.6057644279287695,0.03838899430246563,0.1487813632926014,0.11039236899013576
-1.67737809029685,7.592578034480191,-0.08098965038082431,0.05831155030705898,0.1393012006878833
-1.689191329577642,7.596995137042527,0.05946097890365948,0.18916411840255926,0.12970313949889978
-1.7215320115486943,7.591156789922688,-0.007609867883422605,0.1316913328044607,0.1393012006878833
-1.6766772046552287,7.5975629358172245,0.020180025854835443,0.14988316535373522,0.12970313949889978
-1.6887911942056495,7.595945527873749,-0.07711425996393473,0.05258887953496505,0.12970313949889978
-1.694819861499792,7.612116872413922,0.06052292484948214,0.1709152938396179,0.11039236899013576
-1.7134882446854083,7.59300164746086,-0.0944281933950305,0.04487300729285278,0.1393012006878833
-1.7134935032022636,7.587140599150426,-0.05231329193893346,0.08698790874894984,0.1393012006878833
-1.6904384453112975,7.598050863803071,0.020892438852184114,0.1505955783510839,0.12970313949889978
-1.7031073796339289,7.612646852874585,0.006691932055052169,0.11708430104518792,0.11039236899013576
-1.6824650899047966,7.619944677395054,-0.06663716951656616,0.043755199473569595,0.11039236899013576
-1.7248647524005387,7.601151714004854,0.03309485360725563,0.14348722259739138,0.11039236899013576
-1.690323529189172,7.610421517847933,-0.0003142819749491904,0.11007808701518657,0.11039236899013576
-1.725426564360485,7.601739090309762,-0.032072778904442975,0.07831959008569278,0.11039236899013576
-1.703623132495073,7.596847208854725,-0.09866752825298386,0.031035611245915917,0.12970313949889978
-1.6867176572036162,7.613679619606605,0.003667153264522993,0.11405952225465875,0.11039236899013576
-1.7029837328757997,7.582080120997073,-0.05036516841247318,0.08893603227541011,0.1393012006878833
-1.6851064673367515,7.6142597490259085,-0.008027376342751899,0.10236499264738386,0.11039236899013576
-1.6884594746764072,7.611669121341453,-0.08117082611730062,0.02922154287283514,0.11039236899013576
-1.687004602073425,7.61220042170109,-0.032175965441102336,0.07821640354903342,0.11039236899013576
-1.7238138039404618,7.596845723379308,-0.01373034539415631,0.11597279410474347,0.12970313949889978
-1.6828380410159953,7.613600585437507,0.06421914468466296,0.1746115136747987,0.11039236899013576
-1.7042723470856134,7.613591791752277,-0.02321419714986224,0.08717817184027352,0.11039236899013576
-1.7043310610896316,7.607642214748775,0.0460261914907253,0.15641856048086106,0.11039236899013576
-1.7345087610428396,7.605783115576538,0.01847626468555781,0.12886863367569357,0.11039236899013576
-1.7170419435818973,7.594596851303099,-0.024084170916259154,0.10561896858264062,0.12970313949889978
-1.7030388992194474,7.584158343104333,-0.0860195556018601,0.05328164508602319,0.1393012006878833
-1.7155529821875737,7.6099212222583255,-0.055352467818435926,0.05503990117169983,0.11039236899013576
-1.7010626070260642,7.582247359022761,-0.017564484118206117,0.12173671656967718,0.1393012006878833
-1.6861605137718956,7.594832436889087,-0.06561401480030224,0.07368718588758105,0.1393012006878833
-1.6782607378810332,7.5970754939113405,-0.05974837368707597,0.0699547658118238,0.12970313949889978
-1.6798814356529503,7.596251389564619,-0.041488773738340104,0.08821436576055967,0.12970313949889978
-1.6866117790837265,7.5997281285604545,-0.04078403437314586,0.08891910512575392,0.12970313949889978
-1.7166943174659592,7.593659475750721,0.003929115501235064,0.13363225500013484,0.12970313949889978
-1.6721080538509139,7.581822263554395,-0.06473210401481211,0.07456909667307116,0.13930120068788326
-1.7348716299507412,7.604316767141638,0.019059712522885505,0.12945208151302126,0.11039236899013576
-1.7151918793372904,7.583281897495419,-0.02503358505759834,0.11426761563028495,0.1393012006878833
-1.6902393456838951,7.5847865434835935,-0.11380903215708946,0.025492168530793835,0.1393012006878833
-1.6935723253513248,7.619575671916999,-0.0022230471448368566,0.1081693218452989,0.11039236899013576
-1.6862936632171992,7.614690820360271,-0.12663822322977408,-0.016245854239638313,0.11039236899013576
-1.6865853442067658,7.612751608083549,-0.0521917459795192,0.058200623010616556,0.11039236899013576
-1.7019159916415774,7.615108398898105,0.0048568585654786695,0.11524922755561443,0.11039236899013576
-1.7062510030122877,7.614003327213442,-0.015039379201029504,0.09535298978910625,0.11039236899013576
-1.7317069110574648,7.60720389946821,-0.0888438374405205,0.021548531549615252,0.11039236899013576
-1.7236287320409023,7.5955990592891744,-0.0809079337117888,0.04879520578711098,0.12970313949889978
-1.704122898825836,7.583026918590346,-0.15307555144447657,-0.013774350756593279,0.1393012006878833
-1.6907536764623918,7.611565263124176,-0.07098002578599569,0.039412343204140075,0.11039236899013576
-1.6464665537091048,7.5718485463674865,-0.019180540016504155,0.12012066067137911,0.13930120068788326
-1.7225506684806047,7.603744486060197,-0.03800455241029191,0.07238781657984385,0.11039236899013576
-1.685978228203882,7.597821509272058,-0.026765426746384352,0.10293771275251543,0.12970313949889978
-1.7312582077683525,7.6052226211716,-0.014019304965476917,0.09637306402465884,0.11039236899013576
-1.5647508858715844,7.687525298143044,-0.03627558016389665,0.0971684889609826,0.13344406912487924
-1.6855501141414393,7.528279896678309,-0.0019960389275472112,0.13877156177074818,0.1407676006982954
-1.737183040479853,7.582317795406558,-0.052023447659066316,0.08727775302881698,0.1393012006878833
-1.6862895925958097,7.529214629094777,-0.00671952902977932,0.13404807166851607,0.1407676006982954
-1.6874195656829463,7.5290393479110325,-0.1490160232016705,-0.00824842250337511,0.1407676006982954
-1.6570006175176735,7.576154483475048,0.003178689499566706,0.14247989018744997,0.13930120068788326
-1.6873795454431844,7.597646248672667,-0.08808641936751044,0.04161672013138934,0.12970313949889978
-1.6932397851212322,7.585863410930137,-0.0885646690571728,0.05073653163071049,0.1393012006878833
-1.6964353289400866,7.584619916411705,-0.07309513524651605,0.06620606544136724,0.1393012006878833
-1.6584429233341291,7.57625027026018,0.0020207185870370625,0.14132191927492033,0.13930120068788326
-1.6816421927728142,7.617146617236806,-0.05194296265421139,0.05844940633592437,0.11039236899013576
-1.7239732277094653,7.591350917287152,-0.07104852941581018,0.06825267127207311,0.1393012006878833
-1.6250158946387712,7.558245621340856,-0.06985735869541948,0.05540911584291727,0.12526647453833675
-2.701234548621071,7.180429385776748,0.014025135234725677,0.10652658163609638,0.0925014464013707
-2.6635314363033524,7.704745862222948,0.034782833935039614,0.12703155006528205,0.09224871613024244
-2.6410373690400863,7.778814105392972,0.0302375309802293,0.1673816296619465,0.1371440986817172
-2.676191493481575,7.742491836698362,0.059820672552825416,0.1965923349910444,0.13677166243821898
-2.641310721881742,7.737465405760347,-0.01366407080432426,0.12310759163389472,0.13677166243821898
-2.6519047572529817,7.701963683003216,0.014039843761735324,0.11115747584851346,0.09711763208677814
-2.654183987739319,7.716455463141306,-0.13147139358156412,0.0446717312514551,0.17614312483301922
-2.6529268395579018,7.717497340354377,-0.00015239237631822777,0.175990732456701,0.17614312483301922
-2.6745563590262105,7.739319491610435,-0.031924731846193266,0.10484693059202571,0.13677166243821898
-2.630997834840074,7.712668852896642,-0.06468303703374065,0.08365927663987927,0.1483423136736199
-2.674884408175298,7.760671064893841,-0.06646366636237575,0.11207633430024924,0.178540000662625
-2.6631424691170817,7.7285483589261075,-0.08032606505950554,0.069073269449415,0.14939933450892054
-2.6373980084646997,7.76314609719531,-0.1809222063628619,-0.0023822057002368946,0.17854000066262501
-2.640922379649132,7.739629289864153,-0.016955939759007707,0.11981572267921127,0.13677166243821898
-2.6367777525626828,7.761159077669224,-0.026356098881401058,0.15218390178122396,0.17854000066262501
-2.6318383983021305,7.7598140243083344,-0.02490684343306246,0.11919075067843976,0.14409759411150222
-2.6569273655549392,7.699953415329634,-0.0016149555468476101,0.09550267653993053,0.09711763208677814
-2.63812552375801,7.769314131273338,-0.08173413342748238,0.09635741360043713,0.17809154702791952
-2.6438537569092597,7.76850752811986,-0.07550425125854097,0.10303574940408404,0.17854000066262501
-2.6341099753980877,7.756576223657675,-0.0311598445097854,0.10174947728572054,0.13290932179550594
-2.816267572276033,7.623765034248716,-0.0518721171857604,0.0932505446658167,0.1451226618515771
-2.803457822994941,7.616351058319545,-0.033784778728003007,0.09686440093769175,0.13064917966569475
-2.8028448217337787,7.619057042244769,0.030461355432804732,0.16111053509849949,0.13064917966569475
-2.8918804269098324,7.581533200187665,-0.021603220413285384,0.11563547500255439,0.13723869541583977
-2.916847820303933,7.5756791198525795,-0.01714857758894743,0.10021617332903168,0.11736475091797911
-2.9178293740641785,7.574921342512608,0.00612277872644941,0.12348752964442852,0.11736475091797911
-2.873217552891811,7.562959222463863,-0.04959515523965531,0.12349055744489622,0.17308571268455153
-2.882530786750136,7.574709749590958,0.024124021984796754,0.13553191443633406,0.1114078924515373
-2.9125206168599465,7.579990468712996,-0.08537069128205352,0.06400972070301986,0.14938041198507337
-2.9136884020322737,7.578622319512562,-0.041746922976186276,0.07561782794179284,0.11736475091797911
-2.820799604600072,7.595770729510199,-0.12516988755244673,0.06163058692384141,0.18680047447628814
-2.8802772933482994,7.590536044471882,-0.0063708141228003,0.12800236278673505,0.13437317690953535
-2.9040526872691146,7.58189678538067,0.007035898359891005,0.12595058092509506,0.11891468256520406
-2.907534034315978,7.580925209646532,-0.08094616489933107,0.042323799354060394,0.12326996425339147
-2.905447126908615,7.58167020407553,-0.010134810335319294,0.11221518813845356,0.12234999847377286
-2.834164497479974,7.629494257584089,0.04093523123940755,0.15343382245045067,0.11249859121104312
-2.810303482342798,7.618525202538213,-0.04470463268164285,0.08591602917357155,0.1306206618552144
-2.834341475790685,7.627395538329617,-0.009399350329226466,0.1089868775049048,0.11838622783413126
-2.8322284768749,7.571898767525889,0.006006565510472392,0.12648039951862583,0.12047383400815344
-2.8063701749334857,7.609528691745638,-0.11426447116499293,0.04033655394525375,0.15460102511024668
-2.80377752874044,7.596881023265073,-0.05976026389712584,0.10218350267762628,0.16194376657475212
-2.8498684218273427,7.632123805921376,0.03286640455599328,0.14922887996914178,0.1163624754131485
-2.8995261435893647,7.565502301434622,-0.06371502106615072,0.07088522969590579,0.1346002507620565
-2.8826696132640226,7.602439866604305,-0.019810451791342443,0.1307635779748708,0.15057402976621323
-2.9060947166400806,7.58075828938892,-0.02632917675354847,0.096940787499843,0.12326996425339147
-2.8379076548148623,7.592015617338593,-0.09094016057759294,0.06747080503038569,0.15841096560797863
-2.9115045047004533,7.58098081486526,-0.05763377111927884,0.09174664086579454,0.14938041198507337
-2.8815085155850375,7.603350242658542,-0.07687140257783498,0.07370262718837825,0.15057402976621323
-2.8295381874815315,7.58536072615264,-0.07923384253693866,0.058490810245959625,0.13772465278289828
-2.8426619353273006,7.540634179308415,-0.03225509150866136,0.08511751955696945,0.11737261106563081
-2.827394088528364,7.537284766793717,-0.012595036483718236,0.09867390512021713,0.11126894160393537
-2.8231952641356246,7.559813234443654,-0.06987257098500549,0.08882571593294752,0.158698286917953
-2.840085937918636,7.5439144274471275,-0.05163620341978874,0.0846543095925887,0.13629051301237743
-2.8207022308244443,7.553451441734424,-0.01669036974812413,0.10529182708455517,0.1219821968326793
-1.7270114788953155,7.51692732998576,-0.022648549749091362,0.11811905094920402,0.1407676006982954
-1.7102502208921473,7.50073498393356,-0.09301960047756447,0.04774800022073092,0.1407676006982954
-1.7275569920079898,7.522984270959107,-0.05556822721228091,0.08519937348601447,0.1407676006982954
-1.7511367976006162,7.536030453734677,-0.14324216487195757,0.012911281780258327,0.1561534466522159
-1.7567919198350586,7.537525249912412,-0.06716514773165244,0.08898829892056345,0.1561534466522159
-1.7598932667328036,7.5477326263691955,-0.018706353773610795,0.10212221993500809,0.12082857370861888
-1.7583599800570737,7.540724232310096,-0.036422686141267535,0.11973076051094836,0.1561534466522159
-1.7613408174224727,7.546928031766951,-0.018556171835774085,0.1022724018728448,0.12082857370861888
-1.755871882687653,7.532991025613651,-0.03733006960193748,0.11882337705027841,0.1561534466522159
-2.713244240019251,7.643855626501503,0.010475862599192157,0.09853944923010965,0.0880635866309175
-2.711481941636315,7.629558068908605,-0.0628376670197696,0.06742822811633607,0.13026589513610567
-2.684315475929488,7.660069074282471,-0.07164648496855798,0.04893072292763262,0.1205772078961906
-2.717659425707227,7.627921684689224,-0.045512008842223936,0.08475388629388174,0.13026589513610567
-2.6946484916052786,7.656563047877443,-0.09695667787341111,0.06361639945690781,0.16057307733031892
-2.685299724986314,7.6592589790691115,-0.06980128014481966,0.09077179718549926,0.16057307733031892
-2.6853345485791675,7.654178469936107,-0.10943208803051105,0.07514116585352795,0.184573253884039
-2.72868170144273,7.659603274913249,-0.00845961205834625,0.11340140252769002,0.12186101458603626
-2.717741411423913,7.591000141752444,-0.04429468054889536,0.09785611102720383,0.1421507915760992
-2.68891593181783,7.65976448784043,-0.0059824457733861774,0.11459476212280442,0.1205772078961906
-2.731924960196454,7.654505615696189,-0.011610006352019225,0.11438015837753157,0.1259901647295508
-2.7492917863314412,7.730423771760775,-0.036686498795780204,0.08825373216390996,0.12494023095969016
-2.7305958547055935,7.755678236891467,-0.0467580906902693,0.09082987351330453,0.13758796420357383
-2.7107896973877565,7.622732278881732,-0.015405723273627658,0.11686738850949718,0.13227311178312484
-2.7102316531933868,7.621161565214562,0.07440067363003675,0.19852943508831325,0.1241287614582765
-1.54274946093803,7.999400337057264,-0.11703524651536264,0.054256491828705525,0.17129173834406816
-1.524799517403957,7.991410720211921,-0.06863748073015477,0.0975535624955573,0.16619104322571207
-1.5263151258358427,7.990918011262768,-0.12061079380912175,0.04558024941659032,0.16619104322571207
-1.726247377764163,7.524288377254343,-0.04584591937972768,0.09492168131856771,0.1407676006982954
-1.726508808686821,7.52348816374055,-0.07327815865177911,0.06748944204651627,0.1407676006982954
-1.7908818670625064,7.532293548012,-0.06538951591640663,0.09076393073580927,0.1561534466522159
-1.769319610539391,7.358189007546904,-0.025918345178774976,0.10232303402581006,0.12824137920458503
-1.7609455973630694,7.33522934578166,-0.08820411049448382,0.07524557327819362,0.16344968377267743
-1.7807915647481731,7.358846137493375,-0.11624029960529038,0.020882135600129928,0.1371224352054203
-1.782067070052651,7.356637196980352,0.013510416390593805,0.1556724984404179,0.14216208204982408
-1.7706980914498536,7.357898425939487,0.0028082539469859724,0.131049633151571,0.12824137920458503
-1.7754030972701067,7.36446405304082,-0.03792486681884136,0.09031651238574367,0.12824137920458503
-1.7754861872880658,7.367972984819101,-0.07002016512942863,0.0582212140751564,0.12824137920458503
-1.7704750660922839,7.355894891557288,-0.04279104925793693,0.09937103279188715,0.14216208204982408
-1.6805178160060998,7.409742228610156,-0.03474724923414037,0.11096153065173915,0.14570877988587952
-1.7877016148413731,7.3534724307286226,-0.014021585787920537,0.12814049626190355,0.14216208204982408
-1.7837717667486828,7.357572194901159,-0.010148751144991086,0.132013330904833,0.14216208204982408
-1.80035138853087,7.354227696705954,-0.0022336772267265437,0.13992840482309754,0.14216208204982408
-1.7867894022956892,7.3177067563411935,-0.10348218951745303,0.02268389304121085,0.12616608255866388
-1.79867689932716,7.354086039962645,-0.059157097038712136,0.08300498501111195,0.14216208204982408
-1.785208288118679,7.358859633078263,-0.0046518475841357265,0.13751023446568836,0.14216208204982408
-1.7867513495578575,7.36079330364956,-0.08011496671621483,0.05700746848920547,0.1371224352054203
-1.781703694138944,7.36013465511077,0.009886803036209951,0.14700923824163026,0.1371224352054203
-1.7884158306935625,7.359829493752512,0.029673777785983485,0.17183585983580757,0.14216208204982408
-1.782177055605457,7.367249129526727,0.017591302212699722,0.14583268141728475,0.12824137920458503
-1.7874762619794282,7.363510476623106,-0.013535638107085274,0.12358679709833503,0.1371224352054203
-1.7890128635812321,7.3501467778181615,-0.06515734359906372,0.07700473845076036,0.14216208204982408
-1.7726181194297241,7.363754012406102,-0.02061271744717441,0.10762866175741062,0.12824137920458503
-1.7915546665722557,7.356050276639676,-0.10289805729609028,0.03926402475373381,0.14216208204982408
-1.7856679051282769,7.349524222384577,-0.07916872996267785,0.06299335208714624,0.14216208204982408
-1.7983672137203994,7.354641660334912,-0.07621582831530585,0.06594625373451823,0.14216208204982408
-1.7928816166239745,7.362104182431419,-0.038719587098850525,0.09840284810656978,0.1371224352054203
-1.7976634565062126,7.355924310603267,-0.06283352719781231,0.07932855485201178,0.14216208204982408
-1.78108487503679,7.3581840051831175,-0.03537488387178139,0.10678719817804269,0.14216208204982408
-1.789095451435402,7.357685611836791,-0.009493355404979226,0.13266872664484486,0.14216208204982408
-1.7817991891227791,7.361389340277216,-0.0711309920060133,0.065991443199407,0.1371224352054203
-1.7838924229546114,7.363800675260227,-0.035081189302064164,0.10204124590335614,0.1371224352054203
-1.7897483258273281,7.358987219671711,-0.06383277962217743,0.07832930242764666,0.14216208204982408
-1.7633194831836396,7.333564546080732,-0.05966285903907581,0.10378682473360162,0.16344968377267743
-1.7816911230595693,7.355195289414953,-0.01754283292492767,0.12461924912489641,0.14216208204982408
-1.7942123446927403,7.35949711208632,-0.0076701788344511745,0.1344919032153729,0.14216208204982408
-1.7804168247685126,7.36183651653659,-0.013169662195112689,0.12395277301030762,0.1371224352054203
-1.7737293549242228,7.363232911405607,-0.015053982789567294,0.11318739641501774,0.12824137920458503
-1.787192441047895,7.359757993202659,-0.10601103951664433,0.03615104253317976,0.14216208204982408
-1.7903390081712036,7.3629432341904915,-0.08673560424634766,0.05038683095907264,0.1371224352054203
-1.7889838686822281,7.35227261596505,-0.08097756980144472,0.06118451224837937,0.14216208204982408
-1.763838987686118,7.334459488448113,-0.0525876350867614,0.11086204868591604,0.16344968377267743
-1.7678119501044667,7.338959102703386,-0.08458828887906653,0.04157779367959733,0.12616608255866385
-1.7673871933973304,7.349021785560099,-0.032186144266774075,0.10997593778305001,0.14216208204982408
-1.7821363045877907,7.357944402994563,-0.03525437325025284,0.10690770879957125,0.14216208204982408
-1.7753826437900517,7.361402783097508,-0.1137403216364118,0.014501057568173228,0.12824137920458503
-1.7810673843921778,7.355671384667621,-0.09204140056406127,0.05012068148576281,0.14216208204982408
-1.7796832722495437,7.3628753147417125,0.011401394939398457,0.1396427741439835,0.12824137920458503
-1.789207118341629,7.354812070456975,-0.017070897817237723,0.12509118423258636,0.14216208204982408
-1.7922122996935301,7.354595777942231,-0.08207862993201132,0.06008345211781276,0.14216208204982408
-1.7854107135674622,7.354025193000903,-0.089826243437231,0.05233583861259309,0.14216208204982408
-1.774680846786195,7.3638726772202245,-0.13535593997788542,-0.007114560773300374,0.12824137920458503
-1.7701053196434755,7.3469755084669774,0.015432420834471133,0.15759450288429522,0.14216208204982408
-1.7626202707698593,7.335123979292241,-0.06592540029857355,0.09752428347410388,0.16344968377267743
-1.7761405081992605,7.366828898519348,0.04667503111991342,0.17491641032449845,0.12824137920458503
-1.778039799848036,7.365993174029834,-0.04049156485741982,0.08774981434716521,0.12824137920458503
-1.7541945140828428,7.363226660101771,-0.020572628651222447,0.10766875055336259,0.12824137920458503
-1.7575088681383675,7.397905602916098,-0.014231612748408645,0.13323453580000102,0.14746614854840967
-1.7644815047885272,7.543719179535864,0.04380281911097933,0.1646313928195982,0.12082857370861888
-1.6610797508246504,8.098191981115097,-0.003879473770949729,0.1168429096563458,0.12072238342729553
-1.6597215036513377,8.094389960233073,-0.03045743996107729,0.09590110315340829,0.12635854311448558
-1.667070739595197,8.083907270994343,-0.05922124245603376,0.09697422176684527,0.15619546422287903
-1.6609271861187722,8.096780156097061,-0.06884747871998681,0.05187490470730872,0.12072238342729553
-1.6700802829337613,8.091516214574245,-0.029837293350647776,0.07976091959164266,0.10959821294229044
-1.663617975088066,8.075307231136195,-0.05698189809811277,0.09795121835383375,0.15493311645194652
-1.663663016271256,8.082773393395833,-0.002355921468604999,0.15383954275427403,0.15619546422287903
-1.6655047087549228,8.080779530848158,-0.0973761053680072,0.07773818587378359,0.1751142912417908
-1.672702167618581,8.083433270356204,-0.01576396911298003,0.140431495109899,0.15619546422287903
-1.6762779066746885,8.078967095193416,-0.08314318605786712,0.0923628035269179,0.17550598958478503
-1.6772828338039378,8.08017362143756,-0.027084831739328352,0.1480294595024624,0.17511429124179076
-1.6803488472035633,8.064852048062944,-0.0016652507561265156,0.12422234474686396,0.12588759550299047
-1.68461499113262,8.067145946397492,-0.026407472686321792,0.1213862052397568,0.1477936779260786
-1.685717747999352,8.063430419544192,0.01744859404199331,0.1369107197198122,0.11946212567781889
-1.702384607671776,8.06526424821767,0.003012850073559503,0.13079271627401026,0.12777986620045076
-1.6672282797192433,8.073414565060649,0.018361231081218204,0.14048016261956062,0.12211893153834241
-1.683786732812667,8.067610975180793,0.03754040836202513,0.18533408628810372,0.1477936779260786
-1.6315334816117382,8.085077242590014,0.024266578572852332,0.163709577876655,0.13944299930380266
-1.65932662592678,8.100291453827829,-0.020929631765518555,0.11538981783492842,0.13631944960044698
-1.6579554918258643,8.095725942473145,-0.051654535856226966,0.07724663193444654,0.1289011677906735
-1.6170349850963637,7.951891944960893,-0.038316092931560713,0.11118954716701465,0.14950564009857537
-1.6140992413669024,7.95287561114033,-0.1346058605762333,0.014899779522342047,0.14950564009857537
-1.6438084356836344,7.925226641554298,-0.008845996380784399,0.13061743772504303,0.13946343410582743
-1.625943605366522,7.93123968126199,-0.09620260502465511,0.05127860582790835,0.14748121085256347
-1.6253832035070432,7.93967813041118,-0.013324766772031954,0.14294421359092926,0.15626898036296122
-1.6199155811205315,7.953231819206184,0.029466499316434747,0.1789721394150101,0.14950564009857537
-1.6175630802195395,7.957670277462113,-0.10334657522177296,0.03486075760723381,0.13820733282900677
-1.6180793388760575,7.955804933190536,-0.025284346178347072,0.09368721535928133,0.1189715615376284
-1.6183833421913312,7.958915945008256,-0.10628922832643378,0.0510946601879679,0.1573838885144017
-1.6258258115076716,7.960928907900977,-0.11511127449755595,0.023210981514667273,0.13832225601222323
-1.6280163962355207,7.96027394683082,-0.04698776536278605,0.09133449064943717,0.13832225601222323
-1.6277429008769713,7.962504387716966,-0.018082245692429083,0.12247701555813897,0.14055926125056806
-1.6306045196352088,7.966768843013399,-0.009983823088949628,0.12748481803139985,0.13746864112034948
-1.631051398650604,7.967911571034552,-0.03520375699260503,0.10226488412774445,0.13746864112034948
-1.6140079975573896,7.947322854676175,-0.11854618590493603,0.02590225362223035,0.14444843952716638
-1.6150887166523031,7.94755037333311,-0.04346653150412762,0.10098190802303876,0.14444843952716638
-1.6149077534247858,7.948611079879955,-0.11133545620947893,0.033112983317687444,0.14444843952716638
-1.8490683361798477,7.675450007453006,-0.09978480037315779,0.035866493161569736,0.13565129353472752
-1.844964016498927,7.65290198003333,-0.0685810133278002,0.05393356469322449,0.12251457802102468
-1.839856103776694,7.63558641106627,0.044969445452502615,0.13989207003789364,0.09492262458539102
-1.8714766643723433,7.668193474602148,-0.016950569016102673,0.11870072451862484,0.13565129353472752
-1.8641684000087335,7.644664625689927,0.014426184725678207,0.10934880931106922,0.09492262458539101
-2.734661692467825,7.65796105332835,-0.06913920372240583,0.05957020440485293,0.12870940812725876
-1.7461375772835226,7.336804675844109,-0.030364656716444033,0.07951343389084149,0.10987809060728553
-1.773235428640235,7.364897689349701,-0.08998652446318166,0.038254854741403374,0.12824137920458503
-1.7586539590123047,7.351341436827999,0.01093857367964396,0.15310065572946804,0.14216208204982408
-1.7641333460972939,7.349382734002719,0.04592275426812817,0.18808483631795225,0.14216208204982408
-1.7494306327555937,7.361927289627015,-0.009064245813513755,0.11917713339107128,0.12824137920458503
-1.771244150911971,7.348700808151365,-0.015628405187388922,0.12653367686243516,0.14216208204982408
-1.7494035725750485,7.347226010879571,-0.06518324273959251,0.08912367415312249,0.154306916892715
-1.7580029798471541,7.3578116933750115,-0.10045837847823633,0.027783000726348706,0.12824137920458503
-1.7699826134649361,7.341373169816955,-0.10887191291453402,0.0603534787936579,0.16922539170819192
-1.7510891976468914,7.3643108273613755,-0.05198753025979229,0.07625384894479274,0.12824137920458503
-1.7768787066240288,7.341804778390706,-0.046285124121072385,0.07961924755846428,0.12590437167953666
-1.766977218262817,7.343638934221884,-0.09927192410814385,0.06995346760004807,0.16922539170819192
-1.7744894650121956,7.338987602043698,-0.02836044359865804,0.09780563896000581,0.12616608255866385
-1.795117979771207,7.356144610891128,-0.08206918376816874,0.060092898281655344,0.14216208204982408
-1.7939755680608105,7.356120973059053,0.04468233101620031,0.1868444130660244,0.14216208204982408
-1.7705022620574793,7.3327261974198885,-0.08771179118850647,0.038454291370157385,0.12616608255866385
-1.798922384006374,7.355054709328212,-0.009095081200876959,0.13306700084894713,0.14216208204982408
-1.7708625958820279,7.345105750129244,-0.05735997987662336,0.08480210217320072,0.14216208204982408
-1.7564352696592955,7.3526873689025365,-0.01804350604799118,0.11523752000099763,0.1332810260489888
-1.7688359253523442,7.341830574530767,-0.05208456728673168,0.11714082442146025,0.16922539170819192
-1.7667995738393862,7.370904697150369,-0.025845563539517516,0.10239581566506752,0.12824137920458503
-1.7580892683211522,7.328647639922809,-0.08761278583660725,0.04819842860081578,0.13581121443742303
-1.745303180080099,7.362741358336552,-0.046387048720128915,0.08185433048445612,0.12824137920458503
-1.770225430099778,7.3512319850204895,-0.039260080617451676,0.10290200143237241,0.14216208204982408
-1.7576141665408236,7.3588074414822495,-0.027971158122652023,0.10027022108193301,0.12824137920458503
-1.7761221901328967,7.335911840996975,-0.07333762549950898,0.05282845705915489,0.12616608255866388
-1.7613473677049447,7.338570924370419,-0.013418760492931642,0.1500309232797458,0.16344968377267743
-1.7563622150631975,7.360568898903377,-0.13717146309312764,-0.008930083888542606,0.12824137920458503
-1.7492145514862483,7.356140438309956,-0.04294662449069983,0.0852947547138852,0.12824137920458503
-1.7496876114859465,7.36442567450621,-0.07113676692238102,0.05710461228220401,0.12824137920458503
-2.6735246716258505,7.985978734229363,0.0038638021228621505,0.10345094748708607,0.09958714536422392
-1.871048809059877,7.495337467366767,-0.01765096070003,0.1385024859521859,0.1561534466522159
-1.8698440299536963,7.497969644774737,-0.11944614512165319,0.0367073015305627,0.1561534466522159
-1.858694018767861,7.518686671757597,0.0384979731038988,0.1946514197561147,0.1561534466522159
-2.7577381898426294,7.228951470032349,0.0070138169625805075,0.1042776427522302,0.09726382578964969
-1.492216145655091,7.974539691399793,-0.03801126240551658,0.11183240758400967,0.14984366998952625
-1.6828929164129878,7.6636245994206815,-0.08458509231296332,0.03533031791540865,0.11991541022837197
-1.6832003144087475,7.657136604803897,-0.06646839349235478,0.09384417808999401,0.1603125715823488
-1.6796659925118411,7.671576341078826,0.020223809852266697,0.13661034250375148,0.11638653265148478
-1.6792324775994585,7.662069525201206,-0.015298704195187515,0.10461670603318446,0.11991541022837197
-1.683371311270954,7.677493725653053,-0.007112370148632918,0.10168821409653052,0.10880058424516344
-1.6876671101411307,7.673230259970071,-0.015178686129655741,0.0936218981155077,0.10880058424516344
-1.6866757554983312,7.673283168772227,-0.07087658809502714,0.037923996150136294,0.10880058424516344
-1.6807607584854933,7.6713167725368745,-0.07870229683614983,0.03768423581533495,0.11638653265148478
-1.6717751401294758,7.66976147444179,0.024996329090537825,0.1449117393189098,0.11991541022837197
-1.687781506891762,7.6525381231201415,-0.048424389389927686,0.13285604164960996,0.18128043103953764
-1.6826449448975407,7.654901824252672,-0.02462370401550379,0.1390713892436259,0.16369509325912968
-1.6834971578624198,7.655291346759979,-0.10245353509892371,0.06124155816020596,0.16369509325912968
-1.6810632318995504,7.657991394296721,-0.03073325619746657,0.08918215403090542,0.11991541022837199
-1.6883283568450453,7.660260076203626,0.007133578671567997,0.14753560781204808,0.14040202914048008
-1.69303902666698,7.667280737021682,-0.1070387123634628,0.044196476360095105,0.1512351887235579
-1.6987731368497925,7.65756578653655,-0.007980127606320692,0.14325506111723718,0.15123518872355787
-1.681467594333608,7.662018154125241,-0.04874923311857547,0.0711661771097965,0.11991541022837197
-1.6892546399408133,7.6512672758973315,-0.12140022965778685,0.05988020138175079,0.18128043103953764
-1.6820402770939689,7.6607537837683255,-0.02545589482024549,0.09445951540812648,0.11991541022837197
-1.6815094742981405,7.667129531186916,-0.07102949041106746,0.04888591981730452,0.11991541022837197
-1.684639241002343,7.666716837074004,-0.10378494119724846,0.016130469031123515,0.11991541022837197
-1.6828582545043356,7.658424582701863,-0.02092216338911579,0.0989932468392562,0.11991541022837199
-1.6891373132598362,7.6695815210183,-0.008767596653648554,0.11823916235601832,0.12700675900966688
-1.6898351128912847,7.671212517792286,0.019835428241110425,0.1468421872507773,0.12700675900966688
-1.682927000867849,7.6560703636414145,-0.042402155305927294,0.12129293795320241,0.1636950932591297
-1.6940935831270105,7.651814939926472,-0.002933749276564007,0.17834668176297364,0.18128043103953764
-1.6824199318687343,7.674860413526625,0.04416456473576884,0.15296514898093228,0.10880058424516344
-1.676180001811414,7.67331869251382,0.010412774919353038,0.12679930757083782,0.11638653265148478
-1.675001475887472,7.673402849569459,-0.0009045419865331,0.11548199066495168,0.11638653265148478
-1.6739762119667205,7.674265353603548,0.031077759037590927,0.1474642916890757,0.11638653265148478
-1.6872244719144411,7.666319828953318,-0.13754895781627846,0.0028530713242016364,0.14040202914048008
-1.6875763963668864,7.655124951804508,-0.09867771535035572,0.0756376042669561,0.1743153196173118
-1.6848184613146364,7.657840778722768,-0.14256877555469866,0.01774379602765014,0.1603125715823488
-1.6785246372941396,7.639039113825569,-0.02531876174352786,0.12365010056021618,0.14896886230374404
-1.6674427512502346,7.650830771236426,-0.08793032515598406,0.06460391714874225,0.15253424230472631
-1.6742954271365724,7.669861122479445,0.10271002174982584,0.2226254319781978,0.11991541022837197
-1.6694669476316024,7.644131953648882,-0.08184287453132286,0.07404711647682721,0.15588999100815007
-1.6662390227232238,7.640812402401356,-0.04870160937867807,0.10026725292506597,0.14896886230374404
-1.6794131287466543,7.64445348655322,-0.10237562547541962,0.07890480556411802,0.18128043103953764
-1.6751775254799095,7.661710969924356,-0.04464632223041484,0.07526908799795715,0.11991541022837199
-1.6886643611558994,7.663268324641894,-0.09695594826139463,0.043446080879085455,0.14040202914048008
-1.6769723529073257,7.66367014898069,-0.07788168544589293,0.04203372478247905,0.11991541022837197
-1.6923813310064169,7.6592167674997285,-0.1469738948190233,0.004261293904534613,0.1512351887235579
-1.6921592970960668,7.668697391996363,-0.008297342291922472,0.1187094167177444,0.12700675900966688
-1.6725432257755177,7.633735939507347,-0.015209201351739685,0.0779648358058248,0.09317403715756449
-1.6772661691896404,7.641491413672363,-0.004268045545746502,0.17701238549379114,0.18128043103953764
-1.687495545164857,7.648316763437123,-0.137734318770362,0.04354611226917565,0.18128043103953764
-1.6876465953945765,7.646938463997076,-0.023475221193029944,0.1578052098465077,0.18128043103953764
-1.664112112971302,7.655032852968191,0.01211494273889066,0.16183489208476387,0.1497199493458732
-1.6654788977043034,7.657672484997386,0.024712892820866805,0.14943581299302022,0.12472292017215342
-1.6736889568636937,7.631433259867197,0.012487449881987231,0.10566148703955172,0.09317403715756449
-1.6694024961694127,7.640491460773901,-0.0673735027629589,0.08159535954078513,0.14896886230374404
-1.697992030530573,7.65481453492601,-0.045620028482949604,0.14939484327136596,0.19501487175431556
-1.6736379205268148,7.64033833730092,-0.11872188303872029,0.06255854800081735,0.18128043103953764
-1.6637782341690937,7.656463887480451,-0.01755320116343316,0.10716971900872026,0.12472292017215342
-1.6424166179772803,7.65602832229202,-0.030760333905082746,0.09396258626707066,0.1247229201721534
-1.6669069807912549,7.6415530032497925,-0.09752949924138288,0.05836049176676719,0.15588999100815007
-1.6882696815529412,7.647487927978009,-0.07380245820359689,0.10747797283594075,0.18128043103953764
-1.6827064546093176,7.645237313547192,-0.05432322447263113,0.1269572065669065,0.18128043103953764
-1.6987580179211306,7.653047845551682,-0.1383096565507526,0.05670521520356299,0.19501487175431562
-1.6738482542480684,7.664313956439185,-0.004790362369506279,0.11512504785886571,0.11991541022837199
-1.6770512377630256,7.672409456308881,-0.11420571652227696,0.002180816129207827,0.11638653265148478
-1.6748630471089792,7.66542266291459,-0.06817993455290179,0.05173547567547018,0.11991541022837197
-1.6829622958587465,7.65984545778075,-0.043323930589246135,0.07659147963912585,0.11991541022837199
-1.6699325583668738,7.651889850556498,-0.041726078352149434,0.11080816395257688,0.15253424230472631
-1.6702601239199861,7.644538071309166,-0.02357877152351978,0.1323112194846303,0.15588999100815007
-1.6980827345895617,7.65652777735717,-0.05195662729467669,0.09927856142888118,0.15123518872355787
-1.6688067615661957,7.638855464340481,-0.029371841455164166,0.11959702084857987,0.14896886230374404
-1.661163526395044,7.634688170601295,-0.03346458220574501,0.08905556006268416,0.12252014226842917
-1.6606453273826205,7.659838664951195,-0.01192349817000489,0.11279942200214853,0.12472292017215342
-1.6646243806719445,7.649848738310876,-0.041954061506320556,0.11058018079840576,0.15253424230472631
-1.66150770543038,7.6564979347547295,-0.05030178644879217,0.07442113372336125,0.12472292017215342
-1.6840985138538103,7.67242722627155,-0.035512487466470205,0.08087404518501458,0.11638653265148478
-2.604417329550909,7.71983526505287,-0.04408076543422773,0.12100534123875117,0.1650861066729789
-2.5986837990486626,7.7200232484444555,0.018248533459413546,0.17190768796293887,0.15365915450352532
-2.5979396416915783,7.7112896461230855,0.04591267985882165,0.14648638041499143,0.10057370055616978
-2.6513147483332555,7.680452638581012,-0.04511925894629341,0.04837712564306918,0.09349638458936259
-2.5929880664221017,7.713584555611294,-0.05204813360365803,0.04852556695251175,0.10057370055616978
-2.6043773688197347,7.70483718584669,-0.04128720225502286,0.07330348335173292,0.11459068560675578
-2.588844289063054,7.713331103546354,-0.035510179739885975,0.09995469619085896,0.13546487593074494
-1.5566217846492667,8.000208307551675,-0.028153291782150064,0.0978267627929214,0.12598005457507147
-1.5557355260152252,7.999155083316297,-0.0008649145499290689,0.14789177163099065,0.14875668618091972
-1.5098585264798718,8.02339698151974,0.051119428720429766,0.15019475884556457,0.09907533012513481
-1.5540570462448877,7.986388819160139,-0.035371174447495476,0.0960379545454514,0.13140912899294688
-1.7550743681059937,7.713046642350408,-0.05773300383291456,0.08623674379284328,0.14396974762575784
-1.765163566374381,7.7645969088094695,-0.032561831558807056,0.11750335015607917,0.15006518171488623
-1.7493913715320952,7.783851453243075,-0.004864393495929931,0.14045445544216345,0.14531884893809338
-1.73617147651362,7.716102435007817,-0.0022015111870350296,0.11900234601905701,0.12120385720609204
-1.740398066902234,7.7164543725972505,-0.04352878094850181,0.07767507625759024,0.12120385720609204
-1.7385163062311806,7.720327349135859,-0.03184068509702939,0.07008533780829243,0.10192602290532182
-1.7377263578400002,7.724962831986408,-0.07052000414697931,0.04915464382443956,0.11967464797141887
-1.7434980914314242,7.707846082438383,-0.03671344289930403,0.1039264475990006,0.14063989049830464
-1.7565040789612012,7.735037671987119,-0.031163586911573588,0.12197104412942686,0.15313463104100045
-1.7406468592740059,7.768875704585899,-0.015716175152304945,0.1266634981114372,0.14237967326374215
-1.7527549505064883,7.744756137245576,0.037203672565718535,0.14417393552970573,0.10697026296398719
-1.7484476982521633,7.780826381129916,0.021222637937543948,0.15797300322780117,0.13675036529025722
-1.7517179370775293,7.780611857166427,-0.09869892249270534,0.03805144279755187,0.13675036529025722
-1.7468557839385446,7.773044851653245,-0.016088472546862104,0.11280002220411575,0.12888849475097786
-1.767183769104775,7.762519780958774,-0.035816283160897855,0.11424889855398837,0.15006518171488623
-1.7669221463383367,7.761772362532921,-0.05737093086844233,0.09269425084644389,0.15006518171488623
-1.770968776436554,7.763459017048319,-0.08905565365254589,0.061009528062340335,0.15006518171488623
-1.7741332694950698,7.762572621015371,0.006409271344058137,0.15647445305894436,0.15006518171488623
-1.7503498983161374,7.771750025504566,-0.057809716214970136,0.07107877853600772,0.12888849475097786
-1.752718763881839,7.780875256592017,-0.13303825738644065,0.0037121079038165694,0.13675036529025722
-1.7529211975063586,7.772455679459375,-0.03224545877634802,0.09664303597462984,0.12888849475097786
-1.7747308497456256,7.767446837574705,-0.058311447135133726,0.08580972599079811,0.14412117312593184
-1.7709773681851273,7.7768632449552,0.04589832065414037,0.17382328545816572,0.12792496480402535
-1.7665519038354072,7.777544034267398,-0.01155781872788783,0.11636714607613752,0.12792496480402535
-1.7695580588598476,7.770421271542743,-0.0611422084928436,0.08297896463308824,0.14412117312593184
-1.7709008210861674,7.769020911244141,-0.056589086922440954,0.08753208620349089,0.14412117312593184
-1.777003228260653,7.766880204794966,-0.06301812904407177,0.08704705267081446,0.15006518171488623
-1.7692116322606959,7.763743683022434,0.03885442001677589,0.1889196017316621,0.15006518171488623
-1.7709243570872517,7.764646403366754,-0.025894859253096786,0.12417032246178944,0.15006518171488623
-1.7530628552185716,7.783946543730854,-0.10861957617360182,0.03669927276449155,0.14531884893809338
-1.760555945063576,7.776746521513515,-0.04239144262426672,0.08553352217975863,0.12792496480402535
-1.762886208652863,7.756590519331915,-0.04908326905035154,0.09480743718397863,0.14389070623433017
-1.7599182585392976,7.7774074099004595,-0.07864282934952463,0.04928213545450071,0.12792496480402535
-1.7539977631909485,7.784391795682207,-0.12440297814247116,0.020915870795622224,0.14531884893809338
-1.7616945285780323,7.728414922830183,0.000518077440152101,0.12081366203504747,0.12029558459489537
-1.7626097059679704,7.737676964815279,-0.09112921686199241,0.06200541417900803,0.15313463104100045
-1.7453850873115464,7.709662718134801,-0.018252136758404508,0.14824840797951924,0.16650054473792375
-1.7432861539133673,7.701251485919978,-0.03169130009082802,0.09614416616952903,0.12783546626035705
-1.7318878591677485,7.722432231315268,-0.022187736296486016,0.07588070954900711,0.09806844584549312
-1.7493491741503626,7.786188028564677,-0.15102166224420838,-0.005702813306115009,0.14531884893809338
-1.7474005792866736,7.784739735118786,0.0018185007462797609,0.14713734968437314,0.14531884893809338
-1.7493976637446547,7.7853538863095695,-0.037190721966990706,0.10812812697110268,0.14531884893809338
-1.7647257797524143,7.712933935803777,-0.06699392581608704,0.07697582180967077,0.14396974762575782
-1.7602699087283689,7.776107189900543,-0.06951720308239387,0.058407761721631486,0.12792496480402535
-1.746054582252185,7.748691401853384,0.044549259312823775,0.1629618307793127,0.11841257146648893
-1.7379785188170986,7.700268546001423,-0.07673269368861702,0.05110277257174004,0.12783546626035705
-1.7620454941505874,7.6945714624418,-0.047518659509068445,0.0803168067512886,0.12783546626035705
-1.7450359377061615,7.680021313243204,0.01092871004123322,0.11972929428639664,0.10880058424516342
-1.740409238854836,7.702053341384041,0.02889673262062467,0.15673219888098172,0.12783546626035705
-1.7588316181343058,7.702087717206794,-0.041120893955943816,0.08671457230441323,0.12783546626035705
-1.754725138322331,7.7075798875431225,-0.08213586173695775,0.06493768708223321,0.14707354881919096
-1.7520322454651802,7.68523407134166,-0.041886871766582595,0.09131695324067662,0.13320382500725922
-1.740112421798372,7.714625578984673,0.012583910638116078,0.13378776784420812,0.12120385720609204
-1.7620646418852608,7.774896490022631,0.015309620377029154,0.1432345851810545,0.12792496480402535
-1.7447403047720436,7.7032779779671605,-0.08979215052026307,0.03804331574009397,0.12783546626035705
-1.747264910962583,7.701716936782136,-0.027207981204522655,0.1006274850558344,0.12783546626035705
-1.7421873009921924,7.70860494210672,-0.11441478725074594,0.03556085282362124,0.14997564007436717
-1.7393850114911602,7.700057502463012,0.005101654920688398,0.13293712118104545,0.12783546626035705
-1.735847637301446,7.705553797948713,-0.033722338354597425,0.11354012382449241,0.14726246217908984
-1.7470819058888583,7.706972733114891,-0.08352968699823528,0.05711020350006936,0.14063989049830464
-1.7397659303611446,7.711436747447963,0.03612860073965084,0.16023411394214887,0.12410551320249803
-1.7409142766045533,7.697677936853158,-0.017964900100046782,0.10987056616031027,0.12783546626035705
-1.741630992020589,7.697711852265858,-0.022577382080758657,0.1052580841795984,0.12783546626035705
-1.7414091530123945,7.709774959166179,-0.06169832233289747,0.0882773177414697,0.14997564007436717
-1.7443448054400061,7.704305985702677,-0.032373059502412635,0.09546240675794442,0.12783546626035705
-1.739217783516907,7.7253529953920115,-0.03989691303117597,0.0797777349402429,0.11967464797141887
-1.7400718123240053,7.725702644681848,-0.04980508505191418,0.06466924315891734,0.11447432821083152
-1.763306867953058,7.694281015135209,0.019588018419069486,0.14742348467942654,0.12783546626035705
-1.7635859301129833,7.695491706445065,-0.0527306550263157,0.07510481123404135,0.12783546626035705
-1.7487754979029486,7.7075001602910085,-0.061689891372792335,0.07369086241526766,0.13538075378806
-1.7425682689558353,7.706047444470614,-0.037465818046610116,0.09036964821374693,0.12783546626035705
-1.7572274479171337,7.706067625805695,0.020248854407841937,0.15562960819590194,0.13538075378806
-1.762657173474487,7.695236885220071,0.015473501274930107,0.14330896753528716,0.12783546626035705
-1.7419659906278486,7.701417811981135,-0.048619097782191506,0.07921636847816554,0.12783546626035705
-1.7626914854803624,7.693270354887921,0.019489521613107408,0.14732498787346446,0.12783546626035705
-1.7700024448416847,7.7718066583514105,-0.02362996816266162,0.10034104715799022,0.12397101532065184
-1.7485819444841888,7.772123358737991,-0.06851235600731534,0.060376138743662516,0.12888849475097786
-1.7602494005692844,7.755554600486103,-0.04533959889025324,0.07580256738385693,0.12114216627411017
-1.7753764852609695,7.733230965749811,-0.010587512762045947,0.15347666250991657,0.16406417527196251
-1.7502743612965046,7.776303987222527,0.05535453626587741,0.18327950106990276,0.12792496480402535
-1.770894692526675,7.770728841577802,-0.034888869258297345,0.1092323038676345,0.14412117312593184
-1.7296111981238114,7.724418559496012,-0.011015934067513763,0.07200543920931321,0.08302137327682697
-1.742270629656697,7.703170770709038,-0.037281999902662816,0.09055346635769423,0.12783546626035705
-1.7370327378932318,7.703564074479296,-0.06405812190179172,0.06377734435856533,0.12783546626035705
-1.74138046113234,7.707260996456973,-0.07074395241308112,0.06989593808522351,0.14063989049830464
-1.7490379132125538,7.6839347715515665,-0.06743583251472562,0.0657679924925336,0.13320382500725922
-1.7478617036694972,7.682766498905773,-0.04073626240220282,0.0924675626050564,0.13320382500725922
-1.7496444021158701,7.684170906523169,-0.0323352214760263,0.10086860353123292,0.13320382500725922
-1.7747487833849849,7.704306359875177,-0.057496316727826124,0.08957723209136484,0.14707354881919096
-1.7519414775256348,7.686719887272356,-0.0466993882571652,0.08650443675009402,0.13320382500725922
-1.7485826215536695,7.685477038761716,-0.005463176820020094,0.12774064818723913,0.13320382500725922
-1.7355876497334002,7.727148868034606,-0.028301103057700283,0.08617322515313124,0.11447432821083152
-1.7319127701333805,7.715176571167457,-0.0323345212527089,0.08886933595338314,0.12120385720609204
-1.7621928935604159,7.7080709519908925,-0.05868908020228743,0.08838446861690354,0.14707354881919096
-1.7458208381981914,7.67932506481072,0.05181750053878986,0.16061808478395329,0.10880058424516342
-1.739769602982339,7.706528466531729,-0.07209347642177122,0.07516898575731862,0.14726246217908984
-1.751713062407998,7.707501038246979,-0.026229112327646506,0.12084443649154446,0.14707354881919096
-1.773781579990694,7.702357515256294,-0.07999223406928699,0.06436813685462664,0.14436037092391363
-1.7374871302314576,7.702849023276813,-0.017337783340496016,0.11049768291986103,0.12783546626035705
-1.7599310895178584,7.701961392567514,-0.009093672205246886,0.11874179405511016,0.12783546626035705
-1.7595727911332477,7.703334716282927,-0.0030214808781985902,0.14133889004571504,0.14436037092391363
-2.848570200467281,7.237281296181269,-0.08092794416884246,0.07966073688971227,0.16058868105855473
-2.826029214188711,7.195048542387613,-0.09181831235430629,0.04901357227734238,0.14083188463164867
-2.7770686506694275,7.183309481422164,-0.08900275992905514,0.06287261642305585,0.15187537635211099
-1.613744624283726,7.9724793531091755,0.01821891426645801,0.1363107460717402,0.1180918318052822
-1.6023643491027981,7.972528067780053,0.06514173591915808,0.18323356772444027,0.1180918318052822
-1.711663279152937,7.9697082191406325,-0.013326589564733288,0.1308470433045342,0.1441736328692675
-1.7132717175583223,7.969480662588542,-0.10138348892037827,0.04279014394888922,0.1441736328692675
-1.71122737539816,7.971160021858249,-0.014746211862528336,0.12942742100673918,0.14417363286926752
-1.4985118750439845,8.027411408025376,-0.0732822745479434,0.05616077417709525,0.12944304872503865
-1.614992172861315,7.989139633566434,-0.012555550727379211,0.08113601008048794,0.09369156080786716
-1.6871203586948,8.013833388984482,-0.01509831992054958,0.10366370522834235,0.11876202514889193
-1.6015501896169575,7.958195488026075,-0.024635626726498966,0.11072549192978051,0.13536111865627948
-1.636132096372198,7.726625422896512,-0.016924987657035817,0.0985485679761911,0.11547355563322692
-1.609484922945398,7.750989856425554,-0.0834600959071894,0.0705532898239173,0.1540133857311067
-1.6189113230866932,7.730797203362124,0.0043961182718118,0.14031824711632204,0.13592212884451024
-1.6692529054952432,7.719397208570425,-0.048007973263245546,0.07364221099431507,0.12165018425756062
-1.6350190728424396,7.717097652042747,0.021935086863380804,0.14848953530520353,0.12655444844182273
-1.6380063606614585,7.716826120055264,-0.08784840385498874,0.038706044586833986,0.12655444844182273
-1.620358694616997,7.733841887415489,-0.03106985448284448,0.10485227436166576,0.13592212884451024
-1.6080672939425213,7.7517535918137295,-0.10971172618683106,0.04430165954427565,0.1540133857311067
-1.661500838974005,7.722328111146837,-0.050507390717857474,0.06076852945630925,0.11127592017416672
-1.6463257516426013,7.715177469140316,-0.05230096121702629,0.07425348722479644,0.12655444844182273
-1.6070552042495436,7.741204946994121,-0.010121331405785167,0.1596654290987009,0.16978676050448607
-1.6117944473294297,7.7469509125223235,-0.0017366903498375608,0.15073703597629773,0.1524737263261353
-1.6211117044042742,7.758038979649702,-0.021494937703704475,0.13251844802740223,0.1540133857311067
-1.664388175641444,7.724290582644358,-0.014077918665058378,0.09719800150910834,0.11127592017416672
-1.6243394647455407,7.724735782003657,-0.011775079759630519,0.1036984758735964,0.11547355563322692
-1.622383849643699,7.734627159473926,0.01306999595240671,0.14899212479691695,0.13592212884451024
-1.615274247849365,7.727730204245867,0.006614657526191642,0.12525482202068552,0.11864016449449388
-1.6676605638137325,7.717149082444797,-0.025093830475988843,0.09655635378157178,0.12165018425756062
-1.6540780913497022,7.713457036644319,0.031685757918861024,0.15824020636068376,0.12655444844182273
-1.653142249802535,7.713111656515388,0.0034557920770448836,0.13001024051886761,0.12655444844182273
-1.6244123791722769,7.723403319552461,-0.009491921267988174,0.10598163436523875,0.11547355563322692
-1.6565411330868407,7.717448357000346,-0.05003147321225895,0.07652297522956378,0.12655444844182273
-1.6260161517187242,7.7234913782930485,-0.04274173027153347,0.07273182536169345,0.11547355563322692
-1.6429008395988491,7.717167812893665,-0.04487381336023448,0.08168063508158825,0.12655444844182273
-1.624648160071801,7.7359803889016465,0.004972293639828804,0.11499361720200338,0.11002132356217457
-1.6414020333785362,7.746233107745316,-0.021570848056957442,0.13090287826917787,0.15247372632613532
-1.623442921718989,7.727810955420598,-0.08350042200763741,0.035139742486856466,0.11864016449449388
-1.6782392530103891,7.452100305940925,-0.10718838913661437,0.014042855538648369,0.12123124467526274
-1.6772637397169574,7.452192408092021,-0.0653938165521323,0.05583742812313044,0.12123124467526274
-1.6738321690905735,7.45832428139896,-0.04972961407357182,0.07867758223823546,0.12840719631180728
-1.6714377421861926,7.458003814372513,0.017622586115752875,0.14602978242756015,0.12840719631180728
-1.6768611089143755,7.451339844946757,-0.03720880773055664,0.0840224369447061,0.12123124467526274
-1.681354813337854,7.4410056747272995,-0.014730764018443268,0.10650048065681947,0.12123124467526274
-2.617518058834533,8.001027419099387,-0.02953958744627333,0.11335198950348219,0.14289157694975552
-2.5957498864226283,8.003526006503368,-0.11306594660099056,0.05281002387281717,0.16587597047380773
-2.60073793370339,8.019147374882028,0.036464736812473364,0.15711533093888735,0.12065059412641399
-2.5975034422143746,8.00500196809184,-0.09799781768496438,0.06787815278884338,0.16587597047380775
-2.587695975721321,7.968857422342629,0.002294289021489565,0.16131124115058376,0.1590169521290942
-2.5857507310171846,7.9823551485420765,-0.01793930203714264,0.09050060793852395,0.10843990997566659
-2.584132549563067,7.949364452426927,-0.044793235198881565,0.08162486150024953,0.1264180966991311
-2.604665920286854,7.959189005796966,-0.09488043148165601,0.04914685428643534,0.14402728576809135
-2.6032736541097776,7.965610298868375,-0.05680235177228188,0.10408598223034038,0.16088833400262226
-2.578561643954819,7.957821449932694,0.0371916162112573,0.19048406054950945,0.15329244433825215
-2.5907466773662007,7.948702083769391,-0.020766887401447318,0.11317070819688411,0.13393759559833143
-2.591486998229671,7.981774342798131,-0.0012815613538126047,0.10715834862185399,0.10843990997566659
-2.5831066559974123,7.992590503182896,-0.05189694178571762,0.06780264771685535,0.11969958950257296
-2.599981525596979,8.01840474432782,1.2723315280765979e-05,0.12066331744169476,0.12065059412641399
-2.581744712670908,7.999472352326965,-0.04713104561845635,0.10241994789916387,0.14955099351762022
-2.618500513740255,7.992121695385377,-0.06207906909627123,0.09316095206085814,0.15524002115712937
-2.6216848669147907,8.012517455357358,-0.011653330923495742,0.1165813809417974,0.12823471186529314
-2.612163997160238,7.99872156614312,-0.14531493921010383,0.019534468889564505,0.16484940809966833
-2.607814137553342,7.998655247062888,-0.07327143678026582,0.09157797131940251,0.16484940809966833
-2.5833107064170346,7.94623961058428,-0.08841276509331703,0.045524830505014414,0.13393759559833143
-2.5910925155608946,7.964174562545602,-0.05713400019322758,0.09701373692943761,0.1541477371226652
-2.5813230611785674,7.955430365096388,-0.07864365954469224,0.0653836262233991,0.14402728576809135
-2.5869944444393402,7.954380576610633,-0.07577255949166191,0.06825472627642944,0.14402728576809135
-2.5875531876989784,7.95728031487411,-0.10423181964509078,0.03979546612300057,0.14402728576809135
-2.583727212861997,7.958477258831129,-0.010634515545885681,0.14265792879236647,0.15329244433825215
-2.6018203480634323,7.965710794379404,-0.10484889332322074,0.0673346470727491,0.17218354039596984
-2.620770170106519,7.949999954978378,-0.0629449369637663,0.06958197780738232,0.1325269147711486
-2.619211380470788,7.954879168640828,0.016058547221150216,0.16008583298924156,0.14402728576809135
-2.618375965637247,7.956676356313049,-0.024373073591894834,0.11965421217619651,0.14402728576809135
-2.587417130741357,7.955870307420336,-0.1336821337645946,0.010345152003496741,0.14402728576809135
-2.5794582910909054,7.985632026083673,0.04380919442803649,0.15398512721231622,0.11017593278427973
-2.5701257038324177,7.982287421424227,0.05657149697570414,0.16501140695137073,0.10843990997566659
-2.576944146452454,7.993018098797765,0.04138420620419363,0.1610837957067666,0.11969958950257296
-2.5713940467336833,7.994499041068992,0.013416261225552367,0.12386394820646748,0.11044768698091512
-2.5778516425062414,7.996230145522969,-0.09390812858176581,0.049528190082897494,0.1434363186646633
-2.5883054967255266,7.96595037557377,-0.06041520843128925,0.09373252869137594,0.1541477371226652
-2.605691723820826,7.945073068778248,-0.09897229829841911,0.034965297299912323,0.13393759559833143
-2.6274718396732584,7.986887099545154,-0.04725389502578462,0.059427325668913046,0.10668122069469767
-2.6061397713076464,7.945935238628939,-0.08479483800476595,0.049142757593565484,0.13393759559833143
-2.5993023264394775,7.946527480379706,-0.06447287471629125,0.06946472088204018,0.13393759559833143
-2.6231870644815594,8.011740761114453,-0.02554864847641171,0.10268606338888144,0.12823471186529314
-2.58741747552585,7.989861716984961,-0.042585891367524525,0.07711369813504844,0.11969958950257296
-1.6513396239431308,7.898686728301683,-0.02227942668006984,0.07530980627782091,0.09758923295789075
-1.7473914627809368,7.881424768528971,-0.03318979429813723,0.08358243332161432,0.11677222761975155
-1.6521465147558378,7.8957762921262304,0.06118861958328829,0.15877785254117904,0.09758923295789075
-1.6456763680186413,7.91129328667919,0.0725936837143365,0.18667773109873376,0.11408404738439726
-1.6392862510128194,7.8605393889550434,-0.05900637018373557,0.07687076044759401,0.13587713063132958
-1.6470956931410474,7.881521590210062,-0.04678064523498644,0.10991511650487219,0.15669576173985864
-1.643701135966593,7.871443711162137,-0.06747623952308113,0.060466325572620855,0.12794256509570198
-1.6602384560877221,7.897370792905164,0.030452121846082578,0.12804135480397333,0.09758923295789075
-1.7433312721803675,7.891984039409679,-0.05128007851134013,0.07578909739903479,0.12706917591037492
-1.7425901956050884,7.892301819551746,-0.061135580160146405,0.06593359575022852,0.12706917591037492
-1.7415353506089744,7.891939911953896,0.05279748925388433,0.17986666516425925,0.12706917591037492
-1.744766444333853,7.906738018822882,-0.04688467487301115,0.038845091794352554,0.0857297666673637
-1.748536537681324,7.899947225427185,-0.1252948700200468,-0.007218748896894903,0.1180761211231519
-1.699878288690402,7.741153506089666,-0.004938882634453967,0.12666287033825804,0.131601752972712
-1.7405293621825584,7.891909057738227,-0.04670956917040686,0.08035960673996806,0.12706917591037492
-1.7587398990359333,7.872310507118488,-0.04813728821413517,0.06866814367133527,0.11680543188547043
-1.7469202941521063,7.910868763833626,0.12282606235995423,0.21052967801850705,0.08770361565855282
-1.7603283280492852,7.88545121524586,-0.014167341057855193,0.12646951604847323,0.14063685710632842
-1.7580320928811752,7.911472714160928,0.005638792246217175,0.09334240790477,0.08770361565855282
-1.7545851234755894,7.8867872953500155,-0.07456998597489176,0.06606687113143667,0.14063685710632842
-1.6760325764647592,7.730334738087121,-0.03333903666263578,0.11452308965093085,0.14786212631356663
-1.712195247703343,7.726023949336638,-0.07914597300858674,0.023020189573837307,0.10216616258242404
-1.7327557332195105,7.926560835965098,-0.06719441960990662,0.07412373956318434,0.14131815917309096
-1.748767826549607,7.909965851893189,0.006538227609939759,0.09424184326849258,0.08770361565855282
-1.7443734957903867,7.93417282736947,-0.036551502241819675,0.10476665693127128,0.14131815917309096
-1.7474676109422675,7.909175126051534,0.0021142681960945875,0.08981788385464741,0.08770361565855282
-1.7487269732277073,7.898253000463181,-0.05139099335976555,0.06668512776338635,0.1180761211231519
-1.7506970585150825,7.910341984319782,0.046764194459231787,0.1344678101177846,0.08770361565855282
-1.715628437658281,7.765385994612416,-0.10468550965355851,0.02643055030363685,0.13111605995719536
-1.7447146343254225,7.887389777461412,-0.05650965973096238,0.08412719737536604,0.14063685710632842
-1.7519108033522868,7.8783476503679655,-0.042725311237233096,0.07404691638251845,0.11677222761975155
-1.7461705478834777,7.872837388727691,0.04252222639584466,0.13829741020179195,0.0957751838059473
-1.7433801654057763,7.890539030363113,-0.061258161199639685,0.07652691003816668,0.13778507123780637
-1.656865662568729,7.886423383237432,-0.0071017811083036175,0.11418186938464703,0.12128365049295065
-1.7418599767779572,7.892434405017522,-0.017281210471679603,0.10978796543869532,0.12706917591037492
-1.6932077841810325,7.936068198163413,-0.12259312954158999,0.018725029631500967,0.14131815917309096
-1.6910326628562282,7.9366623665955895,-0.05650373794470548,0.0930428098337957,0.14954654777850118
-1.6223444501910091,7.634481672551524,-0.11064048242050734,0.022605095485460386,0.13324557790596772
-1.6201527838955818,7.647034455100846,-0.019335850027466225,0.11055397917507774,0.12988982920254397
-1.6193769052957399,7.634049812132813,-0.06811908233300884,0.06512649557295888,0.13324557790596772
-1.7265078280494592,7.7655096480036585,0.014524062270479338,0.1456401222276747,0.13111605995719536
-1.6373114143123646,7.6549692980395205,-0.03502148504623573,0.0882077398051256,0.12322922485136133
-1.6436522925016868,7.657095541644414,-0.061265284864731304,0.0634576353074221,0.1247229201721534
-1.6235238992286494,7.653609893714355,0.022964847528825175,0.1461940723801865,0.12322922485136133
-1.6185220082668463,7.634849684099439,-0.07406496482371855,0.059180613082249166,0.13324557790596772
-1.6206677040417965,7.655415043585333,0.010147967725239557,0.13337719257660088,0.12322922485136133
-1.6196933403153404,7.652625322288993,-0.007793020542599741,0.11543620430876159,0.12322922485136133
-1.7247893982093605,7.771311559979669,-0.04843662290016125,0.0804518718508166,0.12888849475097786
-1.6179784724988087,7.639532123980114,-0.0935566457375407,0.03968893216842702,0.13324557790596772
-1.705422096539566,7.908610568070683,0.05201782249236536,0.1479498267563284,0.09593200426396303
-1.7279623243763689,7.890583711422129,-0.0018953902199296546,0.1168194904090931,0.11871488062902276
-1.7176543187821962,7.906324214568518,-0.022351583539290815,0.06337818312807289,0.0857297666673637
-1.6488875371600173,7.665986350492526,-0.018649481419180616,0.10607343875297279,0.1247229201721534
-1.6449743437719013,7.668964932026072,0.013335879574611006,0.1380587997467644,0.1247229201721534
-1.6402879993052766,7.656773829759652,-0.024218130815884142,0.10050478935626926,0.1247229201721534
-1.6866314183054145,7.711873649843513,-0.02085609130421759,0.10581275097143006,0.12666884227564765
-1.7068775288034739,7.72463171787187,0.019581208412003823,0.13914415723976917,0.11956294882776534
-1.711284064609725,7.722819617226254,0.04080208769296807,0.16036503652073342,0.11956294882776534
-1.654840661005008,7.789122207361829,-0.04526274665189685,0.09077683465160437,0.13603958130350122
-1.735004643929176,7.753525855612022,-0.08042013459727324,0.0396273996562068,0.12004753425348003
-1.7151443284420285,7.733101479224323,-0.13433501439048878,0.041091794829806065,0.17542680922029485
-1.7041031314929975,7.743206771165614,-0.06483897725193954,0.06677830186072456,0.1316172791126641
-1.728091691686739,7.739708987190729,-0.08565266405821727,0.05653455589040267,0.14218721994861994
-1.7379946159570778,7.763535683188717,-0.10772125345561383,0.025136306363771246,0.13285755981938507
-1.7179387520341485,7.767437195694526,0.041964854394049844,0.17340865013152504,0.1314437957374752
-1.70706613147287,7.747985591968601,-0.0012802989024166544,0.117980169015606,0.11926046791802265
-1.6285548672939754,7.645275090285812,-0.0560893282696136,0.07380050093293036,0.12988982920254397
-1.6350188641796222,7.65199903618109,-0.02879493223182443,0.0944342926195369,0.12322922485136133
-1.633053593470882,7.6513783336586245,-0.1024579865265059,0.02077123832485543,0.12322922485136133
-1.6243645840639733,7.638497637763876,0.011161941806199449,0.14440751971216717,0.13324557790596772
-1.6285223069048966,7.643462548718444,-0.11932921435080378,0.013916363555163944,0.13324557790596772
-1.6474125612292738,7.653342632083164,-0.006008058022302268,0.11722116682905906,0.12322922485136133
-1.637465081440311,7.665915742163034,-0.10613665067158203,0.01858626950057138,0.1247229201721534
-1.6380266073592185,7.655306982596632,-0.044817564846370256,0.07841166000499107,0.12322922485136133
-1.7086398742374027,7.717731693407494,0.024572406747783382,0.14799293263537744,0.12342052588759406
-1.6820378406581047,7.752939414207922,-0.07128900925274831,0.027174012151045687,0.098463021403794
-1.6783939080555328,7.716779921731701,-0.04704277372058385,0.08955422619081713,0.13659699991140098
-1.6934766134087047,7.72941890515839,-0.010347917962238967,0.12216636838054185,0.1325142863427808
-1.7027631850664469,7.735525157545249,-0.023540778918320543,0.11529511901446418,0.13883589793278472
-1.6726165636786976,7.756098166337616,-0.021828967035229005,0.09874781199069123,0.12057677902592023
-1.679291295375868,7.759283393861937,-0.003954711507715911,0.11662206751820432,0.12057677902592023
-1.6740932403811377,7.773760678127167,-0.06756850137258989,0.07014539386461986,0.13771389523720975
-1.6701732950001085,7.758108366381395,0.056400646898065676,0.1769774259239859,0.12057677902592023
-1.6759570120008185,7.750730396590101,-0.0703089712252511,0.028154050178542903,0.098463021403794
-1.6910966463650023,7.729360117261955,0.012092684919027707,0.14460697126180852,0.1325142863427808
-1.684952492159969,7.726572559626728,-0.002512628530171132,0.10375877054490767,0.1062713990750788
-1.7148431082274278,7.766148069092611,-0.009397472239892679,0.12171858771730268,0.13111605995719536
-1.74825353854297,7.913127561607234,0.029226039519107835,0.12917093273851707,0.09994489321940923
-1.6409228520038477,7.870991363411214,-0.032434952619038226,0.1191364013454562,0.15157135396449442
-1.745211936810368,7.934521488027075,-0.07958107311656776,0.061737086056523206,0.14131815917309096
-1.7530138421839123,7.904146728783099,-0.0019530936258925352,0.08377667304147117,0.0857297666673637
-1.6380975671789646,7.656389194549026,-0.08988968618862433,0.03483323398352907,0.1247229201721534
-1.6272371972658248,7.65530209323826,-0.039966045343841086,0.08326317950752024,0.12322922485136133
-1.6355752428492176,8.00534273986881,-0.008183573060217442,0.10934579778195459,0.11752937084217203
-1.6419349463860768,8.017216803839194,0.04952323873750354,0.12129938756498154,0.071776148827478
-1.6378417180274072,8.007980936355455,-0.00667874667909675,0.11224024248975899,0.11891898916885574
-1.6623382368437714,7.904354417530985,-0.07774587552322615,0.022086230859934344,0.0998321063831605
-1.6622641934659468,7.903376941592809,-0.02764341154483109,0.0721886948383294,0.0998321063831605
-1.6711548450790412,7.919018785372237,-0.07147791265926359,0.06798552144656383,0.13946343410582743
-1.6726466966480371,7.912163938545742,-0.07331110058061831,0.04077294680377895,0.11408404738439726
-1.7533437413940614,7.890500258039263,-0.0770942740841643,0.06069079715364207,0.13778507123780637
-1.6379045140085722,7.864674128754404,-0.04002340505581019,0.0958537255755194,0.13587713063132958
-1.7556349893048167,7.87893587867097,0.029666346278761663,0.15517911787269395,0.1255127715939323
-1.6429418626302548,7.858539539672916,-0.06438940885153435,0.05577129817322217,0.12016070702475652
-1.6464277844733188,7.85589942904212,-0.07177301329499587,0.04838769372976068,0.12016070702475655
-1.658267514647167,7.8484532846653,-0.06854592911145155,0.07062215736692873,0.13916808647838028
-1.6483127769126353,7.85938893185996,-0.025903542373712937,0.10997358825761665,0.13587713063132958
-1.6446703744658544,7.8460648077199435,0.008027644916678539,0.14719573139505882,0.13916808647838028
-1.6574145178357218,7.846298355120675,-0.047001460601359,0.09216662587702128,0.13916808647838028
-1.7582049160582394,7.88174179088492,-0.09043967892391674,0.03507309267001552,0.12551277159393226
-1.6427927059950778,7.871245831061598,-0.06826452486982437,0.04401052121223788,0.11227504608206225
-1.6594032496093758,7.898651250602397,0.006118585365826906,0.10370781832371766,0.09758923295789075
-1.7424715145843706,7.866172835126577,0.041825500770447055,0.13760068457639435,0.0957751838059473
-1.6182492103146449,7.872299148541167,0.02048980687883939,0.17206116084333387,0.15157135396449448
-1.6529622614706623,7.895433711000307,-0.05145006802380566,0.04613916493408509,0.09758923295789075
-1.6869110816176724,7.899905164962546,0.005333173366343424,0.1016705240139414,0.09633735064759798
-1.7973422300227093,7.99711127886456,-0.05171652953015727,0.052546508435701626,0.1042630379658589
-1.800215681630746,7.996127328090438,-0.04620535834041322,0.058057679625445675,0.1042630379658589
-1.8051522942993803,7.997891174571971,-0.04976213072140223,0.054500907244456664,0.1042630379658589
-1.8294216778306882,7.712863137007849,-0.09607407224903564,0.08176103107946955,0.1778351033285052
-1.915977630388309,7.734257267946217,-0.07482961494139895,0.058744278389156225,0.13357389333055517
-1.9267022911856948,7.740548365256289,0.06633764106065046,0.19991153439120563,0.13357389333055517
-1.8567020854283036,7.507331051843371,-0.07965982955021413,0.07649361710200177,0.1561534466522159
-2.8288752437796227,7.474213399205991,0.029584941246704383,0.1372866806560987,0.10770173940939431
-2.865568613619444,7.476374872445652,-0.07442663885978762,0.06809983766533845,0.14252647652512607
-2.835839594764564,7.463284624372163,0.060596982744345024,0.18959610225446558,0.12899911951012055
-2.8575950205794056,7.475746662315113,-0.03324255152984862,0.11004072921959082,0.14328328074943944
-2.8436719943021105,7.470029303447215,-0.001086812511218893,0.13095113264017694,0.13203794515139583
-2.8393580891581545,7.469241971760197,-0.06106320055484524,0.07097474459655059,0.13203794515139583
-2.8603355894382854,7.478687044262385,-0.005715971110826279,0.1368105054142998,0.14252647652512607
-2.851860643115678,7.470071124403601,-0.031780475137338254,0.10986533908435256,0.1416458142216908
-2.8256025680073904,7.473535678695655,-0.09083970229216744,0.07988294307324141,0.17072264536540885
-2.829820472889655,7.473310394339909,-0.09025917851651799,0.05044455966995549,0.14070373818647347
-2.8437303670910423,7.46904805292468,-0.04621477261211798,0.08582317253927785,0.13203794515139583
-2.812281441861548,7.4991642813794055,-0.05755094184044601,0.08222797389785635,0.13977891573830237
-2.8520771669778346,7.465168015492544,-0.022464476791501514,0.1322991876166299,0.1547636644081314
-2.8526292456372673,7.46103537833226,-0.059561721649463314,0.08604554764489818,0.1456072692943615
-2.853964163919004,7.474711309003431,-0.12945857969585806,0.015095164462051613,0.14455374415790967
-2.855808944569752,7.476070153713701,-0.020343718712305836,0.1229395620371336,0.14328328074943944
-1.5449792940936702,7.770390204423523,-0.01962603137495697,0.15011299644140824,0.1697390278163652
-1.5668469413927952,7.718554105506352,-0.0981997619419774,0.025825165628805477,0.12402492757078287
-1.5144149421297275,7.682474959301088,0.004934619359031889,0.1715986857626343,0.1666640664036024
-1.5561431232475833,7.691650100850028,0.0013637270465548523,0.15445937573244076,0.1530956486858859
-1.5337640567625812,7.748781741707691,-0.09953674636599834,0.0693030120644152,0.16883975843041354
-1.5657154023297226,7.727015608990827,-0.08938581798576248,0.048879296513658854,0.13826511449942133
-1.5782505698169178,7.7300966260236,0.0017599386914377846,0.14002505319085912,0.13826511449942133
-1.5778967310313337,7.734263655134245,-0.11035673546626162,0.038274734459401154,0.14863146992566278
-1.533283450689223,7.754953084398271,-0.08628369001623779,0.06772969571486892,0.1540133857311067
-1.6642303092959703,7.415039281409229,-0.08507161895877507,0.040564550856735986,0.12563616981551107
-1.6837676692345058,7.351039057435838,-0.06613674993231212,0.09604812799819805,0.16218487793051017
-1.6864867854222683,7.369226118068079,-0.001137937221272367,0.15733777602162938,0.15847571324290174
-1.6806918186553157,7.362894945701387,-0.0028910426926382488,0.11154650704275573,0.11443754973539398
-1.6894514236842508,7.365531825968202,-0.0006254512048501082,0.13855912894635863,0.13918458015120874
-1.6685609447453356,7.362187848260093,-0.03751733700124925,0.08102429602754327,0.11854163302879252
-1.6648068220698042,7.408645951941948,-0.04582206105268201,0.09988671883319751,0.14570877988587952
-1.693624550519909,7.358497460456669,-0.07182979924536445,0.04428961388471973,0.11611941313008418
-1.6608014873758308,7.360090106522809,-0.026810842027401763,0.09173079100139075,0.11854163302879252
-1.7035623594596447,7.364253245251875,-0.07471532475678354,0.0644692553944252,0.13918458015120874
-1.6892833122658686,7.368051451504921,-0.05011593268301216,0.08906864746819658,0.13918458015120874
-1.6876464708090506,7.368360873798933,-0.053003087201163465,0.08618149295004528,0.13918458015120874
-1.6854697676597021,7.349435503391041,-0.07959135280709881,0.08259352512341137,0.16218487793051017
-2.6952970940992302,7.840469082356065,0.03835707291788379,0.18431739399706726,0.14596032107918347
-2.6937089283236473,7.832296418539617,0.016891798418867093,0.1700368754139009,0.1531450769950338
-2.6905778027207896,7.855052106887845,-0.0047291815217923305,0.15527798002475318,0.1600071615465455
-2.640901503337377,7.823561041976394,0.03321302186575778,0.1711924766348848,0.137979454769127
-2.670869461448981,7.857321866984266,0.010458398749203929,0.15541071126967043,0.1449523125204665
-2.646495674314887,7.816475686871891,-0.03283642477424613,0.09486015196737273,0.12769657674161886
-2.647074132823462,7.815981569044334,-0.03714278015326476,0.0905537965883541,0.12769657674161886
-2.6360149785746967,7.819766096882963,-0.004436406922321293,0.10568681052186435,0.11012321744418564
-1.6397675351380832,7.69849378828586,-0.0469655738472059,0.08695123341395264,0.13391680726115854
-1.6426684248363852,7.698337387061539,-0.08179871328132152,0.05211809397983702,0.13391680726115854
-1.6712358949434003,7.670249203187637,-0.01165798949539737,0.1082574207329746,0.11991541022837197
-2.850957804396975,7.6269773632248326,-0.11598393072170547,0.030022914490760097,0.14600684521246557
-2.704526637669855,7.567458079620535,-0.05137232047053078,0.1015809488991671,0.1529532693696979
-2.696277542024666,7.5742229551233065,-0.06772626741424456,0.054019538826801924,0.12174580624104649
-2.869966673482691,7.608235002685622,-0.008001911042903223,0.09239636744443057,0.10039827848733379
-2.851965826328075,7.589821931976199,-0.028266746713587032,0.10383054458664367,0.1320972913002307
-2.8746805258752346,7.590180961070253,-0.05978931489619935,0.0809801542010816,0.14076946909728094
-2.853726569523053,7.610719341041113,-0.0780020163453055,0.026898543759432486,0.10490056010473799
-2.857544732501991,7.625109936917938,-0.0867587538566557,0.04590320899512028,0.13266196285177598
-2.8669736616129757,7.56880094684111,-0.06379546655195964,0.11504623211056211,0.17884169866252175
-2.8667642442881816,7.567699325012817,-0.10645427080409102,0.07238742785843073,0.17884169866252175
-2.8509287304229805,7.585278641399558,-0.018368963165953628,0.11935568961694465,0.13772465278289828
-2.7121669041791434,7.5745745515270295,-0.03350011045626938,0.09620745424852586,0.12970756470479525
-1.7522509401221933,7.523740948204294,-0.06866238607885596,0.08749106057335994,0.1561534466522159
-1.7489335643893822,7.547649712932064,-0.010427543007514722,0.11040103070110416,0.12082857370861888
-1.7249007979375466,7.524872417401467,-0.07331327771787738,0.06745432298041801,0.1407676006982954
-1.7231362103093835,7.527626178359973,-0.028151014139225827,0.11261658655906956,0.1407676006982954
-1.73003982688046,7.531046270927736,-0.07797274411639098,0.07818070253582492,0.1561534466522159
-1.7799462545327795,7.525758905997413,0.0461705468274404,0.2023239934796563,0.1561534466522159
-1.7504873086748227,7.534563886777145,-0.10797874257193144,0.04817470408028446,0.1561534466522159
-1.77710591756431,7.522173075979188,-0.07535788911490571,0.08079555753731019,0.1561534466522159
-1.801056002132326,7.571491713143107,-0.05234407559670881,0.0824899061279927,0.1348339817247015
-1.548368496399374,7.635923543714037,-0.09086818276710051,0.03902164643544346,0.12988982920254397
-1.5596839666482294,7.513824160011997,-0.017885704192255436,0.1262841287421381,0.14416983293439353
-1.5864204979376324,7.5189121767712495,-0.06741191293339771,0.07779358859461552,0.14520550152801323
-1.5712570299849626,7.4965801084332355,-0.14832051824474918,-0.004150685310355645,0.14416983293439353
-1.660741973692173,7.5081720537752465,-0.006910211303810615,0.124995400004904,0.13190561130871462
-1.6672208171010154,7.505580516517048,-0.06282470012553457,0.06908091118318005,0.13190561130871462
-1.5529326681421072,7.517204044649587,-0.05277569269702373,0.0913941402373698,0.14416983293439353
-1.671554734910972,7.528719792128128,-0.016541052344349327,0.12422654835394606,0.1407676006982954
-1.653674405049108,7.516674595005509,-0.06472317809894204,0.08048232342907119,0.14520550152801323
-1.655324630083097,7.492667345074949,-0.05176727016379126,0.08013834114492335,0.13190561130871462
-1.5558515470056993,7.522081238260381,0.05514765040713737,0.1993174833415309,0.14416983293439353
-1.5638543667587694,7.504963084052197,-0.1388271543560603,0.005342678578333218,0.14416983293439353
-1.5702385971508608,7.496056345458887,-0.10238038337283023,0.0417894495615633,0.14416983293439353
-1.658039242072746,7.51779707503234,-0.09083415996516407,0.049933440733131315,0.1407676006982954
-1.6621622816206043,7.512914916587238,0.03017135441988303,0.17093895511817842,0.1407676006982954
-1.5508374066400217,7.5261195376388175,-0.0764792603817793,0.06872624114623394,0.14520550152801323
-1.6756966568435567,7.529425339919823,-0.03487882795477723,0.10588877274351816,0.1407676006982954
-1.6593131126018565,7.529871600628653,-0.064878885221033,0.07588871547726239,0.1407676006982954
-1.660571883422797,7.509565315034776,-0.010771196930817337,0.12113441437789728,0.13190561130871462
-1.6659127740016384,7.505757646318589,-0.036639580312597356,0.09526603099611726,0.13190561130871462
-1.6562030970807227,7.498243414632663,-0.025475445068332603,0.10643016624038201,0.13190561130871462
-1.655856024196786,7.4999765174434865,0.01795873628601896,0.14986434759473358,0.13190561130871462
-1.5546063925756277,7.515925127393693,-0.029878507766737006,0.11429132516765653,0.14416983293439353
-1.5610857499116406,7.512957270712522,-0.07924266278755654,0.064927170146837,0.14416983293439353
-1.5593389715003796,7.485033780489015,-0.035263016872673386,0.10890681606172015,0.14416983293439353
-1.5784666432435497,7.518970290682803,0.05217791390259799,0.19738341543061122,0.14520550152801323
-1.5729232371493307,7.512841051996152,-0.02464107323623571,0.11952875969815782,0.14416983293439353
-1.5516610773965307,7.515114931049001,-0.04198962742527544,0.10218020550911809,0.14416983293439353
-1.6581613140379532,7.522367611891031,-0.10253082471424482,0.03823677598405056,0.1407676006982954
-1.6621815965237994,7.5137928524654445,-0.014542022410367283,0.1262255782879281,0.1407676006982954
-1.753490216957626,7.522508860129225,-0.023719917684583675,0.13243352896763222,0.1561534466522159
-1.6565437205229616,7.507859132886356,-0.022971239143648,0.10893437216506661,0.13190561130871462
-1.6705592135941003,7.529428528151548,-0.04017564769635587,0.10059195300193952,0.1407676006982954
-1.5669992178924312,7.498406344947257,0.07059683367491174,0.21476666660930527,0.14416983293439353
-1.5742391859901148,7.51072193989703,-0.01244186747116846,0.13172796546322507,0.14416983293439353
-1.5939571070379324,7.534390072663221,0.003944479681800145,0.14788118699740446,0.14393670731560432
-1.5944778452285315,7.535081188305626,-0.04532765682988782,0.0986090504857165,0.14393670731560432
-1.582991210630341,7.493146276688317,-0.053896798491991874,0.09027303444240166,0.14416983293439353
-1.572158536509744,7.513302876618141,-0.02182167167090361,0.12234816126348992,0.14416983293439353
-1.7515591435213116,7.528166387074897,-0.065920246864739,0.09023319978747689,0.1561534466522159
-1.5657700375332626,7.482186124558663,-0.050488060290873646,0.09368177264351989,0.14416983293439353
-1.7421439853786564,7.5877949837510705,-0.0008861668886248064,0.1152546386387232,0.11614080552734801
-1.7459865795925165,7.590762335237961,-0.041878819043275936,0.07426198648407208,0.11614080552734801
-1.7467431320548261,7.591643208422147,-0.0110836184948441,0.10505718703250391,0.11614080552734801
-1.7584693538334268,7.600187049976363,-0.011228834836041618,0.09916353415409414,0.11039236899013576
-1.7387643175446794,7.621615268209151,0.026022707782933627,0.13641507677306938,0.11039236899013576
-1.7291164046191392,7.620708044771828,-0.04026757119252285,0.07012479779761291,0.11039236899013576
-1.7129843110172416,7.649964660778684,-0.14434534096768092,0.011802859978346666,0.15614820094602758
-1.7239107350964729,7.653644654540638,-0.09317236427919288,0.08275333335400763,0.1759256976332005
-1.7658913044571007,7.587350772905432,-0.0036547925729086272,0.11248601295443938,0.11614080552734801
-1.762496389542735,7.588897045989613,0.020151707673381924,0.13629251320072994,0.11614080552734801
-1.7570609493446192,7.604247183647825,-0.043691775106552005,0.06670059388358375,0.11039236899013576
-1.761193843480044,7.608847556258008,0.008175825114865615,0.11856819410500137,0.11039236899013576
-1.7588181371536866,7.601038056801216,0.03308411436582161,0.14347648335595736,0.11039236899013576
-1.7617715984909514,7.598692721945012,0.016960158860294824,0.12735252785043058,0.11039236899013576
-1.7587513962783077,7.5990205133251445,-0.0477990433348572,0.06259332565527856,0.11039236899013576
-1.7608444453174847,7.607633744171603,-0.043287876733305225,0.06710449225683053,0.11039236899013576
-1.7593239296465202,7.606336967712517,0.0036777758961993173,0.11407014488633507,0.11039236899013576
-1.719067021175383,7.6656791481211535,0.012829104385696288,0.1640642931092542,0.1512351887235579
-1.7361457886739136,7.592516994991651,-0.019745868833286315,0.0963949366940617,0.11614080552734801
-1.7408236520253317,7.585752923585272,-0.0504449648997254,0.08885623578815789,0.1393012006878833
-1.7186212915231733,7.624320363988841,-0.07211630252487825,0.03827606646525751,0.11039236899013576
-1.7386477445889235,7.629869115740493,0.004194995030943477,0.08049995104738358,0.0763049560164401
-1.7062399124291294,7.60733572856271,-0.04463237145468285,0.0657599975354529,0.11039236899013576
-1.7023096393661412,7.640167505389632,-0.018494956264709775,0.09694237371568218,0.11543732998039195
-1.7144545563807425,7.626502451861708,-0.04404356371971717,0.03226139229672294,0.0763049560164401
-1.7046049395648732,7.6398172400243345,-0.033438129064927755,0.0819992009154642,0.11543732998039195
-1.7123444360986229,7.6356775457899495,-0.03651609204326834,0.05342475747803017,0.08994084952129851
-1.7139244681073385,7.650996084207193,-0.04401858846474979,0.13528963084523163,0.17930821930998142
-1.7519821352494593,7.661926531059777,-0.09800476189950938,0.05971476096918771,0.1577195228686971
-1.7375181639431085,7.644876306181163,-0.03520621905039881,0.0717613320187108,0.1069675510691096
-1.758222185007269,7.581196050566402,-0.03165188659778974,0.10764931409009355,0.1393012006878833
-1.718604703335578,7.623337366520527,-0.033648423245300596,0.07674394574483516,0.11039236899013576
-1.734666825404184,7.6325535661287365,0.11859205412798551,0.19489701014442562,0.0763049560164401
-1.7517532215558531,7.596840775106316,0.024489267615599983,0.13488163660573574,0.11039236899013576
-1.7625152046082955,7.607904159200455,-0.013869692700938588,0.09652267628919717,0.11039236899013576
-1.734897332216085,7.6296501923657,0.0349553021723341,0.1112602581887742,0.0763049560164401
-1.749480961426149,7.665639505419707,-0.15253845270473057,-0.0031277738806946287,0.14941067882403594
-1.7488117714945473,7.5945711524094,0.037140088305705074,0.14753245729584083,0.11039236899013576
-1.7417153422061176,7.589354139563728,0.0011588546028731272,0.11729966013022114,0.11614080552734801
-1.7417908600107341,7.585807696283567,-0.046573829250835044,0.09272737143704825,0.1393012006878833
-1.7408424103023385,7.601627841283098,0.009173317685549923,0.11956568667568568,0.11039236899013576
-1.7522750407975576,7.592609533677892,0.008548862714049865,0.12468966824139788,0.11614080552734801
-2.9299518716221944,7.192975345889913,-0.06232299762193429,0.07831235427187754,0.14063535189381182
-2.052477532994483,7.146870919125841,0.024061456353390992,0.11176680572879352,0.08770534937540253
-1.7485164870503749,7.5224982251038455,-0.016307015909774486,0.1398464307424414,0.1561534466522159
-1.7256534710044875,7.522280852875977,-0.025861895483802355,0.11490570521449303,0.1407676006982954
-1.7463004560849333,7.530215828253836,-0.07096289811618414,0.08519054853603175,0.1561534466522159
-1.7465942811587012,7.537618703500167,-0.047894114662585474,0.10825933198963042,0.1561534466522159
-1.727435681000526,7.527188985226689,0.013086439973855252,0.15385404067215064,0.1407676006982954
-1.719738757449018,7.523444978209104,-0.012040611175646448,0.12872698952264894,0.1407676006982954
-1.7230062155673296,7.570374153616142,-0.09235002116730907,0.04695117952057422,0.1393012006878833
-1.763665049470545,7.430525943896152,-0.00022596109337919001,0.1204407201969217,0.12066668129030089
-1.7509714715822235,7.528483816953667,-0.041278814634157945,0.11487463201805795,0.1561534466522159
-1.792001139741717,7.540441281213338,-0.011460678656329965,0.14469276799588593,0.1561534466522159
-1.7768037603473954,7.552136284676639,-0.023650154165567247,0.09717841954305163,0.12082857370861888
-1.7865654779639784,7.562143476742359,-0.04054086594736367,0.08028770776125521,0.12082857370861888
-1.7980902846008748,7.563739087182109,-0.08249149591581045,0.03833707779280842,0.12082857370861888
-1.7535908992311577,7.528332752451392,-0.08952641174584998,0.06662703490636591,0.1561534466522159
-1.8710855327602272,7.5719456158101295,0.01169973220489487,0.14653371392959635,0.13483398172470148
-1.8685044671955031,7.571494767432614,-0.03071980928333591,0.10411417244136557,0.13483398172470148
-1.7808633885403564,7.6187511361490845,-0.0027425934524574896,0.09160891183606698,0.09435150528852447
-2.8143513609479887,7.499569947439127,0.0012778950693727587,0.15021619886888732,0.14893830379951456
-1.7085136947883524,7.439940500648042,0.02033205895326863,0.14156330362853137,0.12123124467526274
-1.7586273245157817,7.586633224381228,-0.05124211877972443,0.06489868674762359,0.11614080552734801
-1.7301506863738545,7.585877505575785,0.006940645324422734,0.14624184601230603,0.1393012006878833
-1.6963975613413238,7.596666299171843,-0.10356354278742355,0.026139596711476226,0.12970313949889978
-1.7017492887447938,7.592150509837811,-0.02420031312806553,0.11510088755981776,0.1393012006878833
-1.7018965927284577,7.5960947354135975,-0.019568186808357355,0.11013495269054242,0.12970313949889978
-1.6875697155157,7.5325636938948906,0.0033232396325197366,0.14409084033081512,0.1407676006982954
-1.6608954785358099,7.504559770935132,-0.020103120906403343,0.11180249040231127,0.13190561130871462
-1.6608413978961865,7.502919782396661,-0.04637713965844105,0.08552847165027357,0.13190561130871462
-1.6410058611016114,7.541679194483594,-0.036420109662440164,0.08884636487589659,0.12526647453833675
-1.6481603023836064,7.544718900740883,0.08364998290488126,0.20891645744321802,0.12526647453833675
-1.6430617867530286,7.550868853341184,-0.02599557572310969,0.09927089881522706,0.12526647453833675
-1.645536235303278,7.552537335272649,-0.004389295476539504,0.12087717906179725,0.12526647453833675
-1.6976244926784088,7.647144148694336,-0.17036922495808954,0.010911206081448105,0.18128043103953764
-1.7059496107677738,7.584115498063233,-0.07825019041037992,0.06105101027750338,0.1393012006878833
-1.6706412289114756,7.556927702937082,-0.0032403158341116484,0.11758825787450723,0.12082857370861888
-1.6520681515942197,7.552146255753776,-0.09283851969651731,0.02799005401210157,0.12082857370861888
-1.6292418200978367,7.562898196124608,-0.01868526328345503,0.11887475101402455,0.13756001429747958
-1.7225175757522635,7.599465673556017,-0.04504763387568066,0.0653447351144551,0.11039236899013576
-1.649039429224512,7.573655846254543,-0.08692295570601326,0.052378244981870006,0.13930120068788326
-1.6434483002971962,7.552434629416942,-0.06007759719072228,0.06518887734761447,0.12526647453833675
-1.6571550839711182,7.559208036670171,0.03912805833344429,0.15995663204206317,0.12082857370861888
-1.7189464469009046,7.596090058758582,-0.019899586796308072,0.1098035527025917,0.12970313949889978
-1.7074489565543995,7.597110831013218,-0.07214146736443865,0.05756167213446113,0.12970313949889978
-1.6185271354927857,7.540783983781991,0.0030977992586037617,0.12836427379694051,0.12526647453833675
-1.6684064651970503,7.555750147860131,0.009820436743239735,0.13064901045185862,0.12082857370861888
-1.6501301363607588,7.552070200045563,-0.045481414772047674,0.07978505976628908,0.12526647453833675
-1.6608950662037572,7.520648953226264,-0.004682308444291766,0.13608529225400362,0.1407676006982954
-1.732355763180186,7.581611663470477,-0.0012177159927573844,0.1380834846951259,0.1393012006878833
-1.6158710325159573,7.543718344999918,0.006289468090226014,0.13155594262856277,0.12526647453833675
-1.695404835315512,7.599241795862949,-0.06220072489494019,0.06750241460395959,0.12970313949889978
-1.6955029879744692,7.598029724719941,-0.0834233189954843,0.046279820503415475,0.12970313949889978
-1.714945727811528,7.5725149028364855,-0.11460162830432372,0.024699572383559576,0.1393012006878833
-1.7056265054194366,7.601119929986104,-0.06143475434309681,0.06826838515580297,0.12970313949889978
-1.6381132056339969,7.650481166540011,-0.07218230255625098,0.08035193974847533,0.15253424230472631
-1.7770519800648699,7.565242625884313,-0.03705888932556109,0.08376968438305779,0.12082857370861888
-1.7785507687527529,7.561664415740305,-0.027011121580183553,0.09381745212843533,0.12082857370861888
-1.775074809480544,7.549441339882966,0.04775694535820524,0.16858551906682412,0.12082857370861888
-1.7742548520597519,7.567241032952973,-0.05329622300042759,0.08153775872427389,0.13483398172470148
-1.7759417068021908,7.5638521633720215,-0.0270770866053852,0.09375148710323368,0.12082857370861888
-1.8128259981075172,8.055367383124693,-0.13164459227884578,0.019461142764117867,0.15110573504296365
-1.8472055216742196,8.057770577491105,0.05025203955020352,0.1893748015105977,0.1391227619603942
-1.8186116287351546,8.036645275273132,-0.07176882579273502,0.04053188917080532,0.11230071496354034
-1.663891574766966,7.996826507376263,-0.06151343944594745,0.06611210241144702,0.12762554185739447
-1.8053437123217877,8.05610030396571,-0.026085409074416727,0.12502032596854692,0.15110573504296365
-1.8043042581294817,8.05137931485092,-0.036905428532302845,0.10614008240516333,0.14304551093746617
-1.8038200948895358,8.055458782759477,0.0137080883095973,0.16481382335256095,0.15110573504296365
-1.6302706754375413,8.072160372145456,0.0039216420022128995,0.1260405735405553,0.12211893153834241
-1.6605264057476707,7.997896805453536,-0.0352394720093846,0.09238606984800987,0.12762554185739447
-1.661348451863338,7.999317587265569,0.012025980634068595,0.13965152249146306,0.12762554185739447
-1.6338466099153068,8.085973838122989,0.005131934422668988,0.14457493372647165,0.13944299930380266
-1.6623074364771215,7.996120679811327,-0.059552209835444264,0.0680733320219502,0.12762554185739447
-1.615078812206292,7.969327331948812,0.0019400300249720892,0.13624723421889806,0.13430720419392597
-1.6115169952962316,7.969208097832192,-0.056811664165844974,0.08646503116666678,0.14327669533251175
-1.6093669085396876,7.969250220374627,-0.05182276745110287,0.09145392788140888,0.14327669533251175
-1.605236941593468,7.95984912143501,-0.03873636123793156,0.10180319788721404,0.1405395591251456
-2.810733397978671,7.649616093168933,-0.04724559245573948,0.07980720336168837,0.12705279581742784
-2.550551393381634,8.018561959521925,-0.050551973948775905,0.07754717179130748,0.12809914574008338
-2.7778717132658635,7.651516605797466,-0.009573975386306943,0.13715827562644506,0.146732251012752
-2.778693375138233,7.666133225496977,-0.10344242991158621,0.031584565975296505,0.13502699588688272
-2.7259863381713383,7.687502743550606,-0.0699600774889948,0.051211668290714114,0.1211717457797089
-2.776935601343021,7.73354595799342,0.0015441206434369664,0.12413882729064066,0.12259470664720369
-2.7886985840299414,7.666702519462496,-0.04228877317156726,0.09273822271531545,0.13502699588688272
-2.79927915097988,7.653582982011396,-0.0049516261767768854,0.1374435313849569,0.1423951575617338
-2.7757190041518136,7.639029325524977,-0.004710633464962935,0.11083315568118521,0.11554378914614814
-2.7257024243106516,7.679961598595943,-0.14567226316269,0.0397844043201666,0.1854566674828566
-2.7524098447429073,7.672581600386186,-0.04675004919729865,0.09843904560965862,0.14518909480695727
-2.788458703773325,7.668443230354401,-0.008681274144068385,0.11825100764574709,0.12693228178981547
-2.7572803991359023,7.6689960137205775,-0.03416558623942778,0.10562966565839946,0.13979525189782724
-2.7737987388701075,7.650281836635407,-0.05081002693516182,0.07613248470764711,0.12694251164280893
-2.781846515494444,7.665378686095626,-0.050732489331931196,0.08429450655495152,0.13502699588688272
-2.903934977715932,7.25909154686158,-0.014356289104386175,0.07227642345804827,0.08663271256243445
-1.5277901573230763,7.999842901376782,-0.13115001577131774,0.040141722572750414,0.17129173834406816
-1.5239123419048908,7.9937959754790455,-0.13182610494931699,0.03436493827639509,0.16619104322571207
-1.5474557914072866,8.016760290294883,0.03752856990880023,0.11218088015596347,0.07465231024716325
-1.5427715269291886,7.9503186309032206,-0.0789632165422524,0.059198748647786056,0.13816196519003845
-1.5252656518749186,7.993341579473963,-0.04621590927272559,0.11997513395298648,0.16619104322571207
-2.8911184251817477,7.645718824750026,-0.048056103270929934,0.07080716552703573,0.11886326879796566
-2.7674116799105755,7.528875797026321,-0.07168485368376482,0.04064775935797215,0.11233261304173696
-2.630719111314076,7.195191445310416,-0.05141238432716291,0.07866636732056898,0.1300787516477319
-1.5373559508984231,8.13250984445093,0.05703753978293277,0.18376374884155824,0.12672620905862547
-1.7194981523523671,7.961075461151738,-0.05607203796319596,0.0917843472743127,0.14785638523750866
-1.641942632390125,8.075543600779737,-0.010529315208231985,0.12292640006995371,0.1334557152781857
-1.5359693405649497,8.129899538596693,-0.023836449041814242,0.10288976001681123,0.12672620905862547
-1.6270977490826053,7.993983561183529,-0.07897120746543318,0.036781682481008604,0.11575288994644178
-1.5184689605888653,8.137883605664259,0.01711139113971563,0.15665645633297315,0.13954506519325752
-1.643135429758477,8.074499066714605,-0.04806423129079096,0.08539148398739474,0.1334557152781857
-1.6431166762310285,8.077680187398874,-0.11828603035234991,0.04075847228181482,0.15904450263416472
-1.6699344563830052,8.025151244677303,-0.051021500885585214,0.07428619264537994,0.12530769353096516
-1.686270439555446,7.490867082767339,-0.04476786329763095,0.08713774801108366,0.13190561130871462
-1.6868978754543988,7.464428557312568,-0.0011290563247558227,0.12727813998705145,0.12840719631180728
-1.6747374643080677,7.477628808890374,-0.07644671828449626,0.06720794641436822,0.14365466469886448
-1.692954965604449,7.485497137948605,0.062199850500460646,0.20585451519932513,0.14365466469886448
-1.7020900181555314,7.464487996424079,-0.060333908956794184,0.056438902734638495,0.11677281169143268
-1.6210808959428622,7.985660925730881,-0.0001697677826827254,0.1215037884137032,0.12167355619638592
-1.5646324293215925,8.013299859699377,-0.09348858653291332,0.012893144860712288,0.10638173139362561
-1.6248101547942477,8.024188736788407,-0.04776988114312401,0.09060465601710942,0.13837453716023343
-1.6102746548814812,8.026509683069019,-0.0271506974287046,0.11122383973152883,0.13837453716023343
-1.6519382541053231,7.979296821110205,-0.09539612952981755,0.04877750333944997,0.14417363286926752
-1.6901100650987748,8.062415937693531,0.03331560728012797,0.15875991020375013,0.12544430292362216
-1.6196413019395333,7.984646488686184,-0.007625536846650738,0.11404801934973519,0.12167355619638592
-1.64998231428131,7.550988573474538,-0.0428073740618867,0.08245910047645005,0.12526647453833675
-1.6449327076838334,7.549050948668471,-0.011672019469961784,0.11359445506837497,0.12526647453833675
-1.637784237490882,7.532195764421628,-0.07432469632935812,0.07088080519865511,0.14520550152801323
-1.647644679524648,7.53467634521007,0.013996366354411455,0.1483579559011182,0.13436158954670674
-1.647940577242298,7.536967430902536,0.01317606673819463,0.13844254127653138,0.12526647453833675
-1.6500434617600894,7.543182956199021,-0.013784091719822283,0.11148238281851447,0.12526647453833675
-1.648622104028041,7.5372001508086575,-0.0037754085434239804,0.12149106599491277,0.12526647453833675
-1.6371514693018243,7.531588739249167,-0.1114477423522644,0.033757759175748824,0.14520550152801323
-1.6494682302627244,7.536303502586212,0.032145219944930775,0.15741169448326753,0.12526647453833675
-1.6427941246025455,7.476634232142539,-0.05202769319200713,0.09162697150685735,0.14365466469886448
-1.6529709157002122,7.485370935826647,-0.00480274742296824,0.13885191727589624,0.14365466469886448
-1.6492473432810053,7.500638778919652,-0.004612237920677359,0.12729337338803726,0.13190561130871462
-1.6195965916314936,7.530902061930725,-0.006997481291170615,0.13820802023684262,0.14520550152801323
-1.6460176786338636,7.501758053000714,-0.08011165521959071,0.05179395608912391,0.13190561130871462
-1.6593173383371778,7.489150362390763,-0.08651563707613275,0.05713902762273173,0.14365466469886448
-1.6504476607174134,7.485366026096575,0.04657287559159948,0.19022754029046396,0.14365466469886448
-1.6564487425831214,7.521109812161177,-0.10877996778497438,0.031987632913321004,0.1407676006982954
-1.6514731025310636,7.497095662014849,-0.08220524615608037,0.04970036515263425,0.13190561130871462
-1.6360744203444604,7.487986333515179,-0.046038416841741786,0.0976162478571227,0.14365466469886448
-1.6269858965812154,7.52248249598712,-0.04751635298021162,0.09768914854780161,0.14520550152801323
-1.6346975781920146,7.487015519353599,-0.07053542393842843,0.07311924076043605,0.14365466469886448
-1.6430729840401066,7.496066930359024,-0.010230298688105183,0.12167531262060943,0.13190561130871462
-2.8116761948470415,7.797011106200639,-0.007871462787544109,0.133687504379221,0.1415589671667651
-2.8687614772946137,7.473042913710259,-0.003636717799852515,0.09503695941783043,0.09867367721768294
-2.862047130982811,7.474893567781295,-0.07812527985424148,0.08452342589308734,0.16264870574732881
-2.848273873229121,7.4814941347895525,-0.03842057826512747,0.09486498803616385,0.13328556630129132
-2.8736253648323618,7.774171277741064,-0.0517401229037298,0.07491084673707442,0.12665096964080422
-2.8439309620892614,7.771815927524217,-0.10455193885395209,0.0244740484280683,0.1290259872820204
-2.756684607219672,7.802681321924417,-0.009855463207005297,0.10843882635431693,0.11829428956132222
-2.8230724933050113,7.644332146421211,0.0028873175497684256,0.12796509997741773,0.1250777824276493
-2.8352259047337585,7.633060925718596,-0.05308056020588231,0.08933505431039593,0.14241561451627824
-2.8126478307786704,7.641491255608276,-0.12896068717829662,0.0006667163599660964,0.12962740353826271
-2.8338239868234796,7.6476692981920396,-0.0409881671943112,0.0717879680964864,0.1127761352907976
-2.834013320557984,7.649149120581545,0.008335479048512173,0.13384032701845305,0.12550484796994088
-2.822652445038626,7.6318349444579985,-0.11052206782290347,0.03539356247345401,0.14591563029635748
-2.812049850806753,7.639991264365121,-0.01194465826542132,0.12502712892835624,0.13697178719377756
-2.814403142884821,7.643464484543228,-0.05943916905103794,0.07709252260846955,0.1365316916595075
-2.8234880218548213,7.632146978013502,-0.050904186624705,0.09501144367165248,0.14591563029635748
-2.813747205740482,7.6440149481772375,-0.0695394711124301,0.06699222054707739,0.1365316916595075
-2.8341936177014437,7.6395045138965045,-0.09841186867198806,0.04810553459604622,0.14651740326803428
-2.8280337314662365,7.6478619634639555,0.03180830714469987,0.1560383516673556,0.12423004452265574
-2.8297186795758122,7.6435831808299355,0.0049874569403532965,0.1300652393680026,0.1250777824276493
-2.8347663144902815,7.639859594608413,-0.023639120028948607,0.12287828323908567,0.14651740326803428
-2.80255101785163,7.777590091119034,0.008122308271834966,0.13395933025248033,0.12583702198064536
-2.82809919879466,7.794174826658366,-0.037136046043177995,0.11691402463670486,0.15405007067988286
-2.8320074828363206,7.793968134587048,-0.018596557937113012,0.13545351274276984,0.15405007067988286
-2.8639154432357437,7.772099347898928,-0.06110981861319782,0.06791616866882257,0.1290259872820204
-2.864029622450967,7.7731003034479595,0.02463686198369952,0.1536628492657199,0.1290259872820204
-2.8134138843524923,7.638903719871429,0.012942317306790269,0.14991410450056786,0.1369717871937776
-2.8319174253969934,7.640236214843802,-0.03473716063228083,0.11178024263575345,0.14651740326803428
-2.8322762229541834,7.634950387844378,-0.05876410225347614,0.08370422898882796,0.1424683312423041
-2.8133731009796463,7.643016539351055,-0.09211991884279658,0.0444117728167109,0.1365316916595075
-2.821705226910956,7.629437707478834,-0.014143265769717514,0.10540362651657616,0.11954689228629367
-2.809344279661241,7.639292349944541,0.02959465035228112,0.1665664375460587,0.1369717871937776
-2.8267252960859657,7.626433163728282,-0.06556586299410451,0.047044838719258075,0.11261070171336258
-2.822169626570293,7.6528402743190975,0.011506360420647621,0.13855915623807546,0.12705279581742784
-2.836480719602691,7.6453005672496275,-0.06234919529478883,0.07599956729592461,0.13834876259071344
-2.8126408201580237,7.64503813596276,-0.05694779862174919,0.0795838930377583,0.1365316916595075
-2.825309563996746,7.630769530011973,-0.061922394568213454,0.04643072236695951,0.10835311693517297
-2.8332435072385445,7.63262393764204,-0.060947954056827014,0.0641952970841872,0.1251432511410142
-1.6974158801026518,8.141917116212479,-0.006353199336752102,0.12296484759356816,0.12931804693032026
-1.7116683141905769,8.170847840050673,0.032886180350364766,0.1281873578877843,0.09530117753741953
-1.6254331557560393,8.167907320776735,-0.019186124947273592,0.10570603940521742,0.12489216435249101
-1.711128440038061,8.162586854002646,-0.023112277624019725,0.0747658596800862,0.09787813730410592
-1.7009581648039407,8.148226673442952,-0.0798674494240743,0.04945059750624596,0.12931804693032026
-1.7124652208801743,8.163299869959182,0.0005157183019235678,0.09839385560602949,0.09787813730410592
-1.7241589462673466,8.183561939536894,0.004873590895849489,0.08047191922290205,0.07559832832705256
-1.7352024080485868,8.198501395671455,-0.008133132917809954,0.10466961974237207,0.11280275266018203
-1.668870388681076,7.5594811326084494,-0.0385205571010728,0.08230801660754608,0.12082857370861888
-1.666831605077947,7.559617852554741,-0.037446494749408324,0.08338207895921056,0.12082857370861888
-1.6533779404461344,7.58353413273747,-0.03682485187115982,0.10247634881672345,0.13930120068788326
-1.6822417368091591,7.618360283856578,0.00019971452490058494,0.11059208351503634,0.11039236899013576
-1.695599791077985,7.605719139858351,0.01750155468520509,0.14720469418410487,0.12970313949889978
-1.7029209736116748,7.616419309614309,-0.028745879021272847,0.08164648996886291,0.11039236899013576
-1.7028202544306816,7.583459849724215,-0.020590430971687695,0.1187107697161956,0.1393012006878833
-1.62882193194388,7.55884916333788,0.04628565194101039,0.17155212647934714,0.12526647453833675
-2.6634512587369956,7.7463526770553015,-0.021829143122275144,0.11982720561755762,0.14165634873983277
-2.672383949696327,7.7484865991384915,-0.013046186420323902,0.14469854172972912,0.15774472815005303
-2.8431839208397824,7.541973548115324,-0.04763895931491721,0.0697336517507136,0.11737261106563081
-2.81582862765062,7.553624530070301,-0.06814424090851896,0.06554506310536957,0.13368930401388854
-2.8264590632345334,7.607158392200412,-0.05581676951238748,0.08910628660783262,0.1449230561202201
-2.8174418787560316,7.623417313509662,-0.04744413086649227,0.09357652482102297,0.14102065568751523
-2.818492662087207,7.623383284298891,-0.00434803213270743,0.14077462971886967,0.1451226618515771
-2.839091153043001,7.6351415328997,-0.05481370666723158,0.0651532741343831,0.11996698080161468
-2.838344641827497,7.564214965025948,-0.06517590020755193,0.09207762777170136,0.1572535279792533
-2.8421575859272457,7.5561634255929695,0.014714237963305066,0.14094266037455483,0.12622842241124976
-2.838843420663175,7.565413809770865,-0.06105125860703481,0.10485283050274435,0.16590408910977916
-2.8396904372047893,7.564977771693965,-0.06190784073204575,0.09534568724720754,0.1572535279792533
-2.804105658098458,7.618491372172641,-0.024832279564083667,0.10581690010161109,0.13064917966569475
-2.843531502257601,7.566093282088914,-0.10881073304270954,0.04844279493654376,0.1572535279792533
-2.8747251341080546,7.570286346209965,-0.1414458641286414,0.04776236920183766,0.18920823333047906
-2.8828229199766264,7.585713184691366,-0.09270714260542817,0.02909502243138845,0.12180216503681662
-2.882045297685332,7.565278489066647,-0.0686050776150282,0.10448063506952333,0.17308571268455153
-2.875217795068372,7.5729237157654365,0.013761949505019244,0.13439189949340669,0.12062994998838744
-2.8216984622178076,7.595973276761544,-0.05884584212292557,0.12795463235336257,0.18680047447628814
-2.835948353231385,7.591300338143188,-0.014578589920256402,0.14383237568772222,0.15841096560797863
-2.878507136299424,7.590696888105546,0.022504156290727384,0.15687733320026273,0.13437317690953535
-2.8748372065124546,7.572341540879946,-0.01875475983988459,0.10187519014850285,0.12062994998838744
-2.821484431143671,7.621832298469381,-0.022010913839800236,0.09308647585351094,0.11509738969331118
-2.806805865288757,7.597526562995389,-0.004153249391368796,0.15779051718338333,0.16194376657475212
-2.8702440698568656,7.578373044606025,-0.0663077010892618,0.06635736173956235,0.13266506282882415
-2.8037671366546353,7.597607734173628,-0.11564213663084855,0.04630162994390358,0.16194376657475212
-2.887760682798556,7.5696862563392076,-0.10764117033838135,0.08156706299209772,0.18920823333047906
-2.816956686822537,7.622437673149327,-0.038438608685348236,0.07665878100796295,0.11509738969331118
-2.875675301082288,7.575644832173708,-0.015700867151994355,0.09782972332448288,0.11353059047647723
-2.008753365129841,7.305873048257429,-0.0945274438882103,0.060099172971988975,0.15462661686019927
-2.0249332403125586,7.273296057135765,-0.04976777477237179,0.11132879208005997,0.16109656685243176
-2.025290034498217,7.23974524193916,-0.07230203635189034,0.0718972943035997,0.14419933065549004
-2.0244242184913896,7.2402133485146365,0.003185230051456628,0.14738456070694667,0.14419933065549004
-2.68526421210256,7.663643373341707,-0.07494895904065829,0.0456282488555323,0.1205772078961906
-2.6727618450503305,7.640335406601579,-0.0017032549063091401,0.08994214172581169,0.09164539663212083
-2.7134067527216135,7.614835723208183,-0.05137823470898274,0.08173359975374452,0.13311183446272726
-2.7185233165494678,7.661331675366019,-0.010646868796664918,0.10549737675215964,0.11614424554882456
-2.728507416442214,7.670190641493076,-0.016104887964168757,0.1347215882787217,0.15082647624289044
-2.731384465737043,7.6622639601210105,-0.009163387480488963,0.1069808580683356,0.11614424554882456
-2.716136926351225,7.614488717830116,-0.04271266479347824,0.09039916966924902,0.13311183446272726
-2.7173510017832423,7.615652883413211,-0.016884530852051036,0.12483271158614236,0.1417172424381934
-2.7328291519066044,7.64539454404535,0.043143453684560865,0.13120704031547836,0.0880635866309175
-2.7189990485671234,7.666465813597081,0.006613626350642859,0.10710639146158239,0.10049276511093953
-2.715761299345672,7.660023477178578,0.009254837811836239,0.11207885674687282,0.10282401893503658
-2.71976607743579,7.620423468070931,-0.018758549493777615,0.12295869294441578,0.1417172424381934
-2.6979502629119185,7.629312192315995,-0.10551803426879337,0.02675507751433147,0.13227311178312484
-2.6878869922154056,7.649830891885278,-0.05682088232950916,0.08106618111882882,0.13788706344833798
-2.716510201362298,7.615627403763744,-0.021510009351963386,0.11160182511076387,0.13311183446272726
-2.676491761302612,7.647059154919612,-0.023843935997643312,0.08355248568147625,0.10739642167911956
-2.6914089492919326,7.652146462658178,-0.09930150088778558,0.08369783063519604,0.18299933152298162
-2.6970582190818746,7.635208982931019,-0.006773428033924167,0.11154586479759722,0.11831929283152139
-2.67627698202744,7.516499400849924,-0.06472962323732709,0.11250108890864807,0.17723071214597516
-2.7162773813672216,7.646827122837081,0.03664637463571921,0.11541649289197722,0.07877011825625801
-2.820518250142396,7.711692747736051,-0.024646450453065127,0.06252661460774717,0.0871730650608123
-2.75704224916937,7.757884295060887,-0.10111285455467414,0.03625225885672435,0.13736511341139848
-1.5406511996654848,7.99586415492478,-0.04170749348526276,0.1295842448588054,0.17129173834406816
-1.7646116921202,7.340462164484287,-0.09864555820411967,0.06461854868548302,0.1632641068896027
-1.7660324900748363,7.340317430373923,-0.1015481718530383,0.0617159350365644,0.1632641068896027
-1.7170114724894725,7.518273467004424,-0.08284116476560041,0.057926435932694975,0.1407676006982954
-1.7762350201577621,7.365406060377412,0.01590188673150761,0.14414326593609264,0.12824137920458503
-1.777176965335753,7.366653748859241,-0.023536253096953577,0.10470512610763145,0.12824137920458503
-1.742148985071237,7.332101913205522,0.018629255526655605,0.11018598273215045,0.09155672720549485
-1.7716433695693803,7.355511989024827,-0.0174009323542704,0.12476114969555369,0.14216208204982408
-1.7797529982977571,7.364127735512472,-0.034220941482038,0.09402043772254703,0.12824137920458503
-1.7800876456150712,7.356469306458332,-0.003829166617864338,0.13833291543195975,0.14216208204982408
-1.7897665427224732,7.359764938529658,-0.09662781460096553,0.04553426744885856,0.14216208204982408
-1.7827454491754637,7.361208860509507,-0.08691792944708858,0.05020450575833173,0.1371224352054203
-1.7867844031303615,7.319035055389059,-0.0782784001166375,0.047887682442026375,0.12616608255866388
-1.786493453742448,7.356610385006981,-0.028652005151870094,0.11351007689795399,0.14216208204982408
-1.6462927055859227,7.453489304164321,-0.011337653071462311,0.11706954324034496,0.12840719631180728
-1.7703244338168347,7.356978795278202,-0.06742516480607479,0.07595155445803285,0.14337671926410764
-1.7673517688603275,7.357366600212973,-0.04220378985371359,0.08603758935087144,0.12824137920458503
-1.6538991946993928,7.440362759521996,0.02475768220548341,0.14905896523339973,0.12430128302791632
-1.683437922028932,7.408646319862332,-0.07907510011590943,0.06663367976997009,0.14570877988587952
-1.749512340987382,7.545314016938822,-0.012620396475980886,0.108208177232638,0.12082857370861888
-1.6460321097327604,7.454341043173044,-0.06140726289464181,0.06699993341716547,0.12840719631180728
-1.7274163868767882,7.5248121345874095,0.0010633209491917317,0.14183092164748712,0.1407676006982954
-2.027292511183669,7.451141080382701,-0.023995388710872367,0.12219389973945205,0.14618928845032442
-1.6323614926660783,8.084829507987523,-0.10239769919599534,0.03704530010780733,0.13944299930380266
-1.6808831607039179,8.068405469536334,-0.057120276363273215,0.08484635675478627,0.1419666331180595
-1.65521761839618,8.095407080219442,-0.11787682833912826,0.008481714775357321,0.12635854311448558
-1.6523124635994264,8.094890829948762,0.00726059128796927,0.13361913440245485,0.12635854311448558
-1.6398109789002981,8.087751732603461,0.04015613164823634,0.18178697593870027,0.14163084429046394
-1.6377680452711965,8.086995563181647,-0.13740937133048703,0.0042214729599768935,0.14163084429046394
-1.6666209875020053,8.09112019453164,-0.08622857890079358,0.035861854980643995,0.12209043388143757
-1.674081196191337,8.084864752585442,-0.053368020712945205,0.10282744350993382,0.15619546422287903
-1.6732876534421997,8.084829023788457,-0.06117073425503608,0.09502472996784295,0.15619546422287903
-1.6719619595921489,8.082706620144005,-0.0776509614386941,0.07854450278418493,0.15619546422287903
-1.6718201857096615,8.084606854417423,-0.13337550494742667,0.02281995927545237,0.15619546422287903
-1.6859595184772245,8.07152424433864,-0.0653957416236653,0.1093847668589554,0.1747805084826207
-1.6754329225637328,8.07282642291216,0.010956650243430677,0.1330755817817731,0.12211893153834241
-1.6766483678592485,8.066457839370143,0.06757971092159912,0.2153733888476777,0.1477936779260786
-1.6818363571839383,8.066478327777086,0.0029124148036678843,0.15070609272974647,0.1477936779260786
-1.6769237199331894,8.067543731251995,-0.10653974958761055,0.04125392833846804,0.1477936779260786
-1.626030012505526,8.093345206376055,-0.03804866030271141,0.09530056073120573,0.13334922103391714
-1.6810282292031358,8.074182604995935,-0.03426585215110045,0.12066726430084604,0.1549331164519465
-1.680893312459177,8.063230585801234,-0.058267218142469435,0.06689301920402155,0.12516023734649098
-1.6755057651305523,8.083452532190321,-0.027634960158077676,0.12856050406480135,0.15619546422287903
-1.683785687195323,8.06199122641455,-0.000102435746270918,0.12534186717735124,0.12544430292362216
-1.6759910891458283,8.077301134272618,-0.007164008391041532,0.14776910806090499,0.15493311645194652
-1.6692262029858078,8.08390356646478,-0.0267012685856432,0.12949419563723583,0.15619546422287903
-1.665458061540584,8.083751426319974,-0.04841943091835316,0.10777603330452587,0.15619546422287903
-1.667383603519625,8.088140076222464,-0.05668818832086642,0.0690068666256268,0.12569505494649322
-1.6189504650095157,7.96071485049937,-0.09683155698093585,0.04149069903128739,0.13832225601222323
-1.643571427117968,7.926103819802608,-0.034464756303361446,0.10499867780246598,0.13946343410582743
-1.625513011915688,7.955134985810676,-0.04080553487222949,0.07883896814816525,0.11964450302039474
-1.6451168823985094,7.924629066610695,-0.05656571808809943,0.082897716017728,0.13946343410582743
-1.6427420913085307,7.9275378221528845,0.003451766504386028,0.14291520061021346,0.13946343410582743
-1.645110825251864,7.925946687567066,0.01383137447401872,0.15329480857984615,0.13946343410582743
-1.6251404442523145,7.941324294602812,-0.11235437824559999,0.04391460211736123,0.15626898036296122
-1.6256528529132512,7.938473326909382,-0.06930706581139912,0.0869619145515621,0.15626898036296122
-1.6095239299505117,7.961701787544695,-0.06295387840302387,0.07760538284754419,0.14055926125056806
-1.8729961305091132,7.669085635702371,-0.026625130570615302,0.10902616296411222,0.13565129353472752
-1.8835982691073867,7.683256427059611,-0.15207709911082715,0.0006163370630012099,0.15269343617382836
-1.8846276385302783,7.672412942694179,-0.11824863154562515,0.034444804628203214,0.15269343617382836
-1.838424629756768,7.6510893514097225,-0.0040574117730040465,0.09086521281238696,0.09492262458539101
-1.830662694709377,7.633740770964346,0.03389421399543224,0.12881683858082327,0.09492262458539102
-1.83636899691967,7.6395516044404586,0.004039586387659083,0.09896221097305011,0.09492262458539102
-1.8820556161544937,7.675819757335545,-0.028690139105404883,0.12400329706842347,0.15269343617382836
-1.8331108750638985,7.629617485714351,0.018950596130549557,0.10408695186285342,0.08513635573230387
-1.8364115333771043,7.637557805311799,0.0544815375118618,0.14940416209725282,0.09492262458539102
-1.5195103178816274,7.979902017341142,0.008363607061425304,0.15820727705095156,0.14984366998952625
-1.5214244519410804,7.985635419075856,-0.10920940381927235,0.06386055873904928,0.17306996255832163
-2.7520255014845443,7.652355757652674,0.011859567108977245,0.13291310427107716,0.12105353716209992
-2.741815128516914,7.668438610794543,-0.02779824332315481,0.1171410210356163,0.1449392643587711
-2.7430641388728154,7.655317519165308,0.08950871368343204,0.2009960620935058,0.11148734841007375
-1.8451412186373946,7.494505811013308,-0.09386251745080881,0.06229092920140708,0.1561534466522159
-2.686632149436497,7.142608814107581,-0.061789445342287086,0.09089710769666362,0.1526865530389507
-2.775949836803086,7.253082669899077,-0.06544683891897525,0.05244450740073356,0.11789134631970881
-2.7779809071880917,7.256904424411033,-0.06295466806799285,0.05493667825171595,0.11789134631970881
-1.5330003025685914,7.948570580186547,-0.026168276280944217,0.11199368890909424,0.13816196519003845
-1.5185305082314016,7.948234666438812,-0.0337291415273958,0.10443282366264266,0.13816196519003845
-1.5756615861930945,7.94644497589719,0.001243057806411041,0.11854094594414348,0.11729788813773244
-1.7226900996232437,7.498047848327849,-0.02313794414543463,0.11762965655286076,0.1407676006982954
-1.7358191248387007,7.3951175434626375,-0.07387386062242571,0.08590317238137474,0.15977703300380044
-1.7233456009289132,7.457518736815088,-0.03561788556058558,0.08561335911467716,0.12123124467526274
-1.729593371458938,7.4354936380639565,-0.06620479143908317,0.05502645323617957,0.12123124467526274
-2.910142856969472,7.200412370835644,-0.06407160577164918,0.06635151922004702,0.1304231249916962
-2.9163746961370203,7.199515473211284,-0.030717939901189803,0.09341432538456647,0.12413226528575627
-1.6719816862523182,7.630843590572026,0.010901207799802887,0.10407524495736738,0.09317403715756449
-1.6913651047031044,7.66403398648542,-0.025582097276837162,0.12565309144672074,0.1512351887235579
-1.6847040692932305,7.664126722696969,0.0014567374828993035,0.12137214771127128,0.11991541022837197
-1.6775986460905457,7.6792005339597615,0.05239663990859732,0.16119722415376075,0.10880058424516344
-1.6794045922597998,7.670546923718452,-0.06143943253638269,0.05494710011510209,0.11638653265148478
-1.6832594940890075,7.670473329744723,-0.030355119898535704,0.08603141275294908,0.11638653265148478
-1.6863488325326599,7.642755480311951,-0.12266322239984405,0.058617208639693594,0.18128043103953764
-1.6777040069796174,7.639748874654002,-0.031834374126330695,0.14944605691320695,0.18128043103953764
-1.690170436329854,7.641262798385279,-0.06707084010048074,0.07469609669575021,0.14176693679623095
-1.6885497871286022,7.640351878246401,0.0025442162064437668,0.14431115300267472,0.14176693679623095
-1.6748500090121174,7.637981737932103,0.00784815531275046,0.1568170176164945,0.14896886230374404
-1.66421461708221,7.653740140916529,-0.03936988983937348,0.11316435246535284,0.15253424230472631
-1.6881781910907017,7.645740292426777,-0.07317196027508638,0.10810847076445126,0.18128043103953764
-1.681561316129479,7.643451033536396,-0.0838573349291853,0.09742309611035234,0.18128043103953764
-1.685232210438977,7.643813982973084,-0.0987988845585274,0.08248154648101025,0.18128043103953764
-1.677511925302817,7.659685657870383,-0.04248557030915075,0.07742983991922124,0.11991541022837199
-1.6793790937520805,7.640601335924758,-0.09167193343553857,0.08960849760399907,0.18128043103953764
-1.6766582071946716,7.6377428560443645,0.023455030096378143,0.17242389240012218,0.14896886230374404
-1.662832449104175,7.659217769874051,-0.07268083920073301,0.052042080971420414,0.12472292017215342
-1.6600828543182218,7.6578959432290805,-0.020329332773561817,0.1043935873985916,0.12472292017215342
-1.5596629376044444,8.011311913010688,0.019293119102245182,0.1256748504958708,0.10638173139362561
-1.5371218568688676,8.014588682884845,-0.013985050878764102,0.08385621466362103,0.09784126554238513
-1.5034463994269371,7.934828740217581,-0.01513356216678477,0.1132754595921463,0.12840902175893107
-1.5406470648407031,8.02745212078141,-0.09683632485774313,0.03260672386729552,0.12944304872503865
-1.554146531638635,7.9847808256334085,0.020042683152290686,0.15145181214523756,0.13140912899294688
-1.5351243094927123,7.990900111910494,0.005713497609131812,0.1433082458805258,0.13759474827139398
-1.7470747912313582,7.7130798510946175,-0.0324394009761913,0.09166611222630673,0.12410551320249803
-1.7588756879628586,7.7394598095868,-0.09428773738381332,0.058846893657187115,0.15313463104100045
-1.765397733060261,7.746825892568285,0.010689150732161201,0.12910172219865013,0.11841257146648893
-1.7680029679155835,7.728330245492656,-0.07271660217958201,0.04757898241531335,0.12029558459489537
-1.7416827431139699,7.704255400210798,-0.07422967702856031,0.05360578923179674,0.12783546626035705
-1.7305058214768656,7.713993856776762,-0.02765545583097674,0.0935484013751153,0.12120385720609204
-1.7397757672527339,7.707210057035176,0.012295283634406823,0.15955774581349666,0.14726246217908984
-1.749768632097521,7.768806877965782,-0.019675235314458764,0.12270443794928339,0.14237967326374215
-1.7535226504696395,7.747193365289977,-0.04978636860603891,0.06862620286045001,0.11841257146648893
-1.7665044042643137,7.727799761236417,-0.09514369813854648,0.025151886456348888,0.12029558459489537
-1.7490572990577922,7.7352818473117795,-0.05559077366846425,0.0975438573725362,0.15313463104100045
-1.7693114042838132,7.7246327171225,-0.013935869587028277,0.10635971500786709,0.12029558459489537
-1.75409485680242,7.765175571457092,-0.05732194514161597,0.09274323657327026,0.15006518171488623
-1.7551361420451523,7.763558474133129,0.021603268854844176,0.1716684505697304,0.15006518171488623
-1.7543202597952454,7.773007375943635,-0.03862942411453257,0.09025907063644528,0.12888849475097786
-1.7664407574700491,7.799327380274881,-0.1453679046534757,-4.9055715382329e-05,0.14531884893809338
-1.7537909286251807,7.788784473811725,-0.0666187103815017,0.07870013855659168,0.14531884893809338
-1.7707399659244945,7.734448190321267,-0.038239558742008434,0.11489507229899201,0.15313463104100045
-1.7499607144740899,7.7463339435860155,-0.0063628844989060684,0.11204968696758286,0.11841257146648893
-1.7715210255151876,7.705019583756423,-0.05869403684106225,0.08837951197812871,0.14707354881919096
-1.759085372739685,7.706658351265192,-0.0656467126342495,0.08142683618494147,0.14707354881919096
-1.749801683515864,7.747912477367203,-0.10659673262801478,0.011815838838474146,0.11841257146648893
-1.7387388346497015,7.69818164891784,-0.028433094499052625,0.09940237176130443,0.12783546626035705
-1.741396633418943,7.696457393647932,-0.046257622855673475,0.08157784340468358,0.12783546626035705
-1.7284243841724627,7.726625327211181,0.030797155206260862,0.10626849504582529,0.07547133983956443
-1.7812470819306536,7.708053252683372,-0.030639399310338766,0.1164341495088522,0.14707354881919096
-1.744483089688074,7.71158211155519,0.023819358423376888,0.14792487162587492,0.12410551320249803
-1.7347943593558692,7.716356473894843,-0.06553759146127451,0.055666265744817534,0.12120385720609204
-1.7609076334233724,7.759578055988915,-0.09252287153684201,0.04145274951033996,0.13397562104718197
-1.7612455777352811,7.7349473301934815,-0.08144123374822528,0.07169339729277517,0.15313463104100045
-2.7817150678245506,7.136116390895489,-0.04005109924330151,0.06490508370763509,0.1049561829509366
-2.778567978672004,7.136086414746641,-0.06787935028567174,0.06113279786191633,0.12901214814758807
-1.61301173626965,7.968560167678162,0.004411847024223425,0.1564860705164666,0.15207422349224317
-1.6225902939324564,8.000152739027257,-0.025592075252786103,0.10203346660460837,0.12762554185739447
-1.67730755095441,8.009245478577556,0.05449380488418655,0.17864052543037945,0.1241467205461929
-1.641388847117917,8.0987441348706,-0.025051341194335566,0.09567104223295997,0.12072238342729553
-1.6527439016854673,7.714293801148082,-0.07997325930259311,0.04658118913922962,0.12655444844182273
-1.6678637943322119,7.449150657960001,-0.059374577211569066,0.06185666746369367,0.12123124467526274
-1.681285530359653,7.4512137091308155,0.01759587990058349,0.13882712457584623,0.12123124467526274
-1.6851966790874768,7.442472808575296,-0.07305301762760474,0.048178227047658,0.12123124467526274
-1.684309858041738,7.44124592916393,-0.0020004256161798434,0.1192308190590829,0.12123124467526274
-2.580978080162189,7.961039999968699,-0.07333134334707694,0.08081639377558825,0.1541477371226652
-2.619986168694785,8.012532694893737,-0.0714873859172131,0.05674732594808004,0.12823471186529314
-2.6035008574534957,8.013504283775282,0.03338323462381143,0.15403382875022542,0.12065059412641399
-2.6003451990464743,7.947384702018077,-0.06285736912377228,0.07108022647455915,0.13393759559833143
-2.617957138944093,7.953655258272535,-0.07148489780436404,0.06104201696678457,0.1325269147711486
-2.6161151872682766,7.952844827164796,-0.04004042411236719,0.09248649065878142,0.1325269147711486
-2.5800764820757855,7.982557223132742,-0.03398589307502492,0.07445401690064167,0.10843990997566659
-2.5998489187457143,8.010494032582875,0.06495377012441482,0.18882940782519447,0.12387563770077965
-2.595745304589319,7.986670023114718,0.030159073537494613,0.14033500632177434,0.11017593278427973
-2.596413683479839,8.013181625770592,-0.047434229871039846,0.07099091825688315,0.118425148127923
-2.60149981519797,7.9492042003211925,-0.040142341763050704,0.07583584132714587,0.11597818309019657
-2.5831728583677775,7.964270130399385,-0.1431645646755102,0.010983172447154979,0.1541477371226652
-2.615086894762907,7.952164110051351,-0.030955961425307932,0.10157095334584068,0.1325269147711486
-2.6162189838026246,7.953876226187964,-0.06810340717457852,0.06442350759657009,0.1325269147711486
-2.6111162188615094,7.953797699797287,-0.04453080771737414,0.09949647805071721,0.14402728576809135
-2.576985513386914,7.95526870757765,-0.114262066073117,0.013216488014022323,0.12747855408713932
-2.6080465445924963,7.948142438032859,-0.03926136170986698,0.09467623388846445,0.13393759559833143
-2.59964746915695,7.9494333971829985,0.05116601177161019,0.16714419486180676,0.11597818309019657
-2.5897879132597796,7.946907533467084,-0.035863666826573715,0.09807392877175772,0.13393759559833143
-2.5943897309977175,7.957991214704153,-0.08076393762421408,0.06326334814387727,0.14402728576809135
-2.6025059228078242,7.958629021407145,-0.049086888214304014,0.09494039755378733,0.14402728576809135
-2.5791555983774663,7.982407715746694,-0.015338356895482214,0.09310155308018438,0.10843990997566659
-2.570867707066829,7.9792734568964505,0.09015664084260425,0.18785699191176422,0.09770035106915997
-2.588092596421482,7.988832532819467,-0.037878950529841804,0.08182063897273116,0.11969958950257296
-2.600664738216012,7.982787766017302,-0.06317822871102659,0.04526168126464,0.10843990997566659
-2.5676782919963936,7.975865614708634,-0.0009991077516075808,0.0967012433175524,0.09770035106915997
-2.5901645259672685,7.949784397994828,-0.022405700709880544,0.10401239598925055,0.1264180966991311
-2.59138288609325,7.949487879587688,-0.007001666112256541,0.11941643058687455,0.1264180966991311
-2.6465548601861992,7.975649758536823,0.019102087734051656,0.12754199770971822,0.10843990997566656
-2.5820952167497313,7.998194313971336,0.028381102073791215,0.17793209559141143,0.14955099351762022
-2.5825449230816573,7.996444944478259,-0.07265419413490992,0.07078212452975338,0.1434363186646633
-2.5811504609884093,7.985347442311858,-0.043211022039763486,0.06696491074451624,0.11017593278427973
-2.583089296797656,7.947120412062106,-0.11601132763882666,0.017926267959504777,0.13393759559833143
-2.584944524404404,7.9547567304204945,-0.020437827566030964,0.12358945820206038,0.14402728576809135
-2.5821265855090414,7.954195842299644,-0.06894575743558337,0.058532796651555946,0.12747855408713932
-2.5845367955155436,7.9465642520101945,-0.0006834958419174031,0.13325409975641403,0.13393759559833143
-2.5905234497637366,7.967369450047764,-0.08386561849969972,0.07515133362939448,0.1590169521290942
-2.605017971002237,8.012165467958718,0.040055522948642286,0.16829023481393543,0.12823471186529314
-2.579128107121783,7.965133875362994,-0.11855502645982807,0.03559271066283712,0.1541477371226652
-1.640088318802904,7.855803484302154,0.018602164116056627,0.13876287114081318,0.12016070702475655
-1.6459680179694556,7.860836398157085,-0.002115742993192532,0.13376138763813705,0.13587713063132958
-1.6497974409065257,7.859849295307647,-0.017960920215832385,0.1179162104154972,0.13587713063132958
-1.6476643396667403,7.861141043054023,-0.08700220598880626,0.048874924642523326,0.13587713063132958
-1.6350869309890284,7.894841261838632,-0.005724772070413761,0.11810833445295926,0.12383310652337302
-1.6603595219997564,7.9000077473247226,0.0035395061555708596,0.10112873911346161,0.09758923295789075
-1.759264931557975,7.88074405224425,-0.10658353243126424,0.018929239162668046,0.1255127715939323
-1.6387231923003454,7.883279785075531,0.0045517038289971945,0.16124746556885583,0.15669576173985864
-1.6507981556443259,7.91087084074305,-0.032799726852910896,0.08128432053148636,0.11408404738439726
-1.644321705426516,7.8994789122694815,0.060421910275133425,0.15801114323302418,0.09758923295789075
-1.651797619107024,7.897882616436342,-0.0046310138621740715,0.09295821909571668,0.09758923295789075
-1.7297933059020794,7.755161764441274,0.017010160405066976,0.137057694658547,0.12004753425348003
-1.715385787638217,7.735022317221154,-0.07655246214353996,0.059699945306908156,0.13625240745044812
-1.7254401121723146,7.745434267506348,-0.00968386415226187,0.10480626808179631,0.11449013223405818
-1.6854888937729733,7.9168836113281005,0.003755395559216723,0.10184556371136244,0.09809016815214572
-1.6805324992497308,7.884345109356739,-0.010148939522593867,0.08220875684950942,0.09235769637210328
-1.7066087282294715,7.9105819139821385,-0.037276619592188344,0.05929264181558399,0.09656926140777233
-1.7111928404277352,7.909399765626908,-0.12893763495921923,-0.033005630695256194,0.09593200426396303
-1.6832557502935157,7.742154248568387,-0.06183067007244268,0.06027810484326941,0.12210877491571209
-1.6915035654129318,7.752915332495589,0.01189351330759468,0.1252213827701808,0.11332786946258612
-1.6851420276037605,7.738616672626225,-0.10163553898617159,0.03720035894661313,0.13883589793278472
-1.635865359501462,7.653666516879449,-0.07733083772416333,0.045898387127198,0.12322922485136133
-1.7385189689970453,7.7625858914346555,-0.09732179777070277,0.035535762048682314,0.13285755981938507
-1.7048302149003294,7.733390606544039,-0.07057768555118646,0.10457330088504335,0.1751509864362298
-1.721241030311806,7.691635118485564,-0.0695585428342739,0.058276923426083156,0.12783546626035705
-1.6878690655169093,7.732761277335525,-0.028096581393824066,0.14705440504240574,0.1751509864362298
-1.6429079353644829,7.798991877569014,0.003899673404254775,0.12665402769900952,0.12275435429475474
-1.7204776160455184,7.884176296628202,0.00010893586435986591,0.10420521068594044,0.10409627482158057
-1.6974164458946224,7.907148002893668,0.013970473579602627,0.10856588599618583,0.0945954124165832
-1.6168334644472566,7.8874943029843925,-0.08763799507621592,0.06375618094871252,0.15139417602492844
-1.7031268839641998,7.89141619085133,-0.03859549569726532,0.06376690970822077,0.10236240540548609
-1.7358246766795726,7.8777710196337924,0.008890887336693007,0.12566311495644455,0.11677222761975155
-1.7444507916117682,7.89096876734372,-0.003622606245050619,0.13416246499275575,0.13778507123780637
-1.735086213953331,7.877396653758686,0.008522792000617382,0.12529501962036893,0.11677222761975155
-1.7404205199169334,7.882919117077902,-0.055860784701930455,0.07603552843021724,0.1318963131321477
-1.756566831612559,7.920503581085908,-0.020580420475261152,0.07936447274414808,0.09994489321940923
-1.745242867020038,7.877651267285562,-0.060106012455562775,0.05666621516418877,0.11677222761975155
-1.7124941038518566,7.743251155945514,-0.0035350918078808358,0.12806666116483117,0.131601752972712
-1.713411119519251,7.729607156038789,-0.1271866499405726,0.013418866394307366,0.14060551633487997
-1.6742376044808995,7.867371023917724,-0.0951013698365002,0.0032220751960044813,0.09832344503250467
-1.6354931508088435,8.0045262013723,-0.10593346448510751,0.01159590635706452,0.11752937084217203
-1.6414167353760558,8.017947484696688,-0.06596909870063986,0.005807050126838145,0.071776148827478
-1.6408502243921324,8.018656829534562,0.0810237690354441,0.1527999178629221,0.071776148827478
-1.6413753839936083,8.019096885152825,0.0570696764424735,0.1288458252699515,0.071776148827478
-1.6404327842362953,8.025651115977656,-0.07437180800815042,0.045458942729311724,0.11983075073746215
-1.6550263541204704,8.009348169154132,-0.027568171249728476,0.09135081791912726,0.11891898916885574
-1.6594598030928223,7.881282271559147,0.029593388082620048,0.15736319570163132,0.12776980761901127
-1.628969191174747,7.876539892912695,-0.04656387893331684,0.11680834207832178,0.16337222101163862
-1.6404220870480843,7.88033137121317,0.02790804151491519,0.18460380325477382,0.15669576173985864
-1.6597425352049608,7.891474228073627,-0.006588410589789123,0.09100082236810163,0.09758923295789075
-1.7455672899703305,7.8724342014686455,-0.02749185955359504,0.06828332425235226,0.0957751838059473
-1.6560608942605861,7.897440529146725,-0.047195817958749546,0.050393414999141205,0.09758923295789075
-1.805015100946725,8.009685293021773,-0.007469962422282206,0.09679307554357669,0.1042630379658589
-1.791443795604175,8.01362120950805,0.03301763799877955,0.13511470444665263,0.10209706644787309
-1.8117850359458363,8.018151570131838,0.003263641831667524,0.09996325139731017,0.09669960956564265
-1.6743890586164352,7.903009504262576,-0.023125999772804523,0.0807558100149934,0.10388180978779793
-1.6777604574517928,7.8949021741290135,0.05098462532543217,0.14857385828332292,0.09758923295789075
-1.6697124905775178,7.893483238931313,0.020424235079695444,0.1180134680375862,0.09758923295789075
-1.6700491859932483,7.890744284270862,-0.006553565815926879,0.09103566714196387,0.09758923295789075
-1.8070395728447883,8.003571468866163,-0.04065987145055261,0.06360316651530629,0.1042630379658589
-1.8900161655505425,7.727714509015007,-0.04846049057489055,0.08511340275566462,0.13357389333055517
-1.8524577424547415,7.718350181912415,-0.00921377919093054,0.11565538335579004,0.12486916254672058
-1.8296529368735408,7.720402221413083,-0.06184381534355442,0.06302534720316616,0.12486916254672058
-1.8278586408593447,7.714172552345515,-0.12173181618553881,0.043986576571765315,0.16571839275730413
-1.8835602442071797,7.722434242556759,-0.05794024610782583,0.07563364722272933,0.13357389333055517
-1.9268461854992287,7.741758856695074,-0.03984070039782017,0.093733192932735,0.13357389333055517
-1.8605214179260063,7.688158548325026,0.000364750763134275,0.15305818693696263,0.15269343617382836
-1.8315430033591205,7.706929421741183,-0.13075667286273107,0.047078430465774174,0.17783510332850525
-1.8477066907671538,7.714873432145116,-0.0378007494795002,0.10532342007117966,0.14312416955067986
-1.8296368109073335,7.70803047655765,-0.09369310520740898,0.08414199812109627,0.17783510332850525
-1.8531126858937288,7.511373869352859,-0.06992695966097046,0.08622648699124544,0.1561534466522159
-2.8402756483358886,7.490347299410532,0.05488266970468307,0.1604533847211388,0.10557071501645572
-2.8404274773429905,7.486662532302656,0.007002401619590426,0.09921090976766543,0.092208508148075
-2.826193155345642,7.47995347903593,-0.09245443071214232,0.05743069370793729,0.14988512442007962
-2.845398192474605,7.460765187146957,-0.015019652625649221,0.13312736230491543,0.14814701493056465
-2.8472361494132508,7.495109411902909,-0.007143374733336816,0.1300401086988882,0.13718348343222503
-2.85631424554009,7.475532817978662,-0.07452583545569418,0.053750813299292224,0.1282766487549864
-2.850928053613362,7.470865600651585,-0.07584987943097642,0.04569665735314411,0.12154653678412053
-2.8372006572947397,7.482122398610296,-0.042482830708248764,0.11304182843769695,0.1555246591459457
-2.8378122091788103,7.482488173330101,-0.061109353733093855,0.09441530541285185,0.1555246591459457
-2.8171312234370554,7.474999096284109,-0.055704819848602274,0.07603552640222504,0.1317403462508273
-2.8411140770309187,7.469082125124952,0.00812659218411571,0.14016453733551154,0.13203794515139583
-2.864357033499647,7.474967949430842,-0.09172449498083066,0.07092421076649816,0.16264870574732881
-2.415429195517546,7.005250490044348,-0.00673033898935485,0.11350564190514227,0.12023598089449712
-2.37938384782177,6.977815571517429,0.034471611421387785,0.1451350634539331,0.11066345203254531
-2.551380047775754,6.9728529966616,-0.08548050471239364,0.0815565038737762,0.16703700858616985
-1.5245416534598528,7.71286160558118,-0.12007453424783099,0.01897785314137257,0.13905238738920356
-1.6635288089649294,7.411062997339817,-0.04676501671809474,0.07887115309741632,0.12563616981551107
-1.6651565299444062,7.4067632046946255,-0.04195886273971111,0.10374991714616841,0.14570877988587952
-2.6991907672398288,7.86203797487497,-0.02107136238725138,0.13792624959603791,0.1589976119832893
-2.4589273478417812,7.622079099017557,-0.014080489838046023,0.07391125101009226,0.08799174084813828
-2.856128918311391,7.607220260644932,0.058666865196573645,0.16816992475145498,0.10950305955488134
-2.855642190946114,7.6102092208364205,-0.06365110001155513,0.041249460093182845,0.10490056010473799
-2.852815822082736,7.627836319762862,-0.05136923472754132,0.1026940339109875,0.15406326863852882
-2.691339811000665,7.5628757537911975,-0.025885291562395024,0.08575515258421339,0.11164044414660841
-2.707458197375072,7.572265130193117,0.03063201127083265,0.15237781751187912,0.12174580624104647
-2.6956543267043442,7.567181675297352,-0.13383726678500069,0.03390681840715843,0.1677440851921591
-2.8710569377623743,7.6071434663113005,-0.021382109801391463,0.11367665984170877,0.13505876964310023
-2.86432474033551,7.601461214929384,-0.05568311813934894,0.08554227146042213,0.14122538959977107
-2.860595073240962,7.580886483888446,0.010115080962252387,0.16002391988681158,0.1499088389245592
-2.857064987287906,7.613895718342939,-0.07745006957525351,0.061000535388651564,0.13845060496390507
-2.8674714058112296,7.586908658609928,-0.00855879801205027,0.11324336702476635,0.12180216503681662
-2.866862666271216,7.60777644037802,-0.07446281434148988,0.060595955301610355,0.13505876964310023
-2.869274187566455,7.586892747404189,-0.01810355358505697,0.10369861145175965,0.12180216503681662
-2.8715192205386044,7.628737971509245,-0.06043171093253166,0.08028667534530756,0.14071838627783922
-1.547734604415789,7.637390216519528,-0.050269478923355815,0.07962035027918815,0.12988982920254397
-1.568829782558821,7.686807774670708,-0.12111635192524646,0.012327717199632784,0.13344406912487924
-1.5691394553800058,7.690436403280914,-0.050192001627512375,0.11321253070304006,0.16340453233055244
-1.5782278802998762,7.688339466862504,-0.08309811287685695,0.050345956248022294,0.13344406912487924
-1.7470839526635626,7.612087626260907,-0.0614929128223152,0.04889945616782056,0.11039236899013576
-1.7506153484458178,7.523633825786058,-0.12567534968568445,0.030478096966531462,0.1561534466522159
-2.685967637014841,7.277477391703102,-0.07998585070963776,0.05144592694724253,0.1314317776568803
-2.6820109722067444,7.272810383185915,-0.029142387992600882,0.11682015018582581,0.1459625381784267
-2.695286194055094,7.313328591085211,-0.034310880119599874,0.11474927811642918,0.14906015823602906
-1.662800558922917,7.522283681541051,-0.017091740355563767,0.12367586034273162,0.1407676006982954
-1.5716339871433402,7.474022248726793,-0.09150303043387559,0.052666802500517945,0.14416983293439353
-1.6680447757668868,7.524366152958146,-0.03594677242424099,0.1048208282740544,0.1407676006982954
-1.6630621131240977,7.518301663734672,-0.07081370908446848,0.06995389161382691,0.1407676006982954
-1.5630903848756685,7.5124330526533,-0.00827118602418428,0.13589864691020925,0.14416983293439353
-1.6619039830483113,7.528324021998811,-0.027075014594834704,0.11369258610346068,0.1407676006982954
-1.5827057424772486,7.494288201499404,-0.07594360265636525,0.06822623027802828,0.14416983293439353
-1.7416535391677745,7.645424032921148,0.03253662141425634,0.13950417248336594,0.1069675510691096
-1.7497872795091702,7.6680634318345495,0.008307878061772203,0.11710846230693563,0.10880058424516342
-1.7058692757275815,7.655705785792051,-0.13837981636358115,0.03754588126961935,0.1759256976332005
-1.7149516867495853,7.625262813995751,-0.08479630060606194,0.025596068384073814,0.11039236899013576
-1.718653162635103,7.62631375864076,-0.03710776047855806,0.03919719553788205,0.0763049560164401
-1.711236182905261,7.636806715546403,0.0751247825728203,0.1650656320941188,0.08994084952129851
-1.7146025996377288,7.658539889646022,-0.12277512792673059,0.05315056970646992,0.1759256976332005
-1.7382547588730513,7.6320536039266695,0.09829293270619638,0.17459788872263649,0.0763049560164401
-1.7123245248629488,7.638680586755753,-0.03896823000958301,0.0509726195117155,0.08994084952129851
-1.751976590673711,7.593008468114333,-0.06964313784899648,0.046497667678351534,0.11614080552734801
-1.7515821974684684,7.593785072425789,0.02236563521452127,0.13275800420465703,0.11039236899013576
-1.739227230910731,7.597160842444724,0.024279610067766563,0.13467197905790232,0.11039236899013576
-2.924230791850404,7.196373577377079,-0.03908367729661058,0.119144657292612,0.15822833458922259
-2.743926432740719,7.271344642973118,-0.020579927015253296,0.12419663233924907,0.14477655935450237
-2.048932219116114,7.165246755820615,-0.05362449444474067,0.06213188543494999,0.11575637987969066
-2.0498152280281308,7.165111231621058,0.015029754330496622,0.13078613421018728,0.11575637987969066
-1.7259560083893615,7.525224056008473,-0.03488774048611412,0.10587986021218126,0.1407676006982954
-1.7981238738055472,7.40879260860606,-0.057875232673917365,0.08045843363747651,0.13833366631139388
-1.7792229149066359,7.4482315852397125,-0.0214572089683025,0.09977403570696024,0.12123124467526274
-1.776047727702605,7.407796953174638,-0.007119024186139966,0.1403471243622697,0.14746614854840967
-1.7949036316090843,7.5526480429802705,-0.00857084838439058,0.1122577253242283,0.12082857370861888
-1.7960056820600308,7.555783323343674,-0.11565626160203347,0.0051723121065854055,0.12082857370861888
-1.7982471402197429,7.535167973568445,-0.022921876057957064,0.13323157059425883,0.1561534466522159
-1.7938331933703004,7.555304826572444,0.009186252256808192,0.13001482596542707,0.12082857370861888
-1.7728687282405882,7.545294999781414,-0.04094929025352216,0.07987928345509672,0.12082857370861888
-1.7220583074944735,7.523859536253099,-0.04006417238309222,0.10070342831520317,0.1407676006982954
-1.784912386699776,7.509252937829297,-0.05561837710352395,0.10053506954869194,0.1561534466522159
-1.7470201256354123,7.531059479293876,-0.14349074884324017,0.01266269780897572,0.1561534466522159
-1.778995375923009,7.448976421361483,-0.04230139765721534,0.0789298470180474,0.12123124467526274
-1.7973205248816309,7.409697035217924,-0.057778703585164015,0.08055496272622986,0.13833366631139388
-1.727962418518686,7.523927292427743,-0.0516341291901338,0.08913347150816159,0.1407676006982954
-2.826428575243036,7.500617896402271,-0.07749898443874188,0.07371439391755892,0.1512133783563008
-2.8162727731014052,7.502289824545499,-0.016139561430920324,0.12363935430738204,0.13977891573830237
-2.8062102325297693,7.503503662241897,-0.09107219918618606,0.061816586260284405,0.15288878544647047
-2.8070024735768504,7.4827352108655445,0.004181829027407713,0.1340232409729892,0.1298414119455815
-2.8101623647074394,7.487824608807686,0.007973927864421956,0.12166116750267819,0.11368723963825624
-2.8186360119591254,7.4986465041595824,0.025184686106871274,0.15293757228766686,0.12775288618079558
-2.838221612422283,7.497660947285487,0.050757015220122256,0.16861955943375626,0.117862544213634
-2.837369825713258,7.49908065268106,0.05777501620316969,0.16889897649945348,0.1111239602962838
-2.7205789037881867,7.671725304956336,-0.12372932699517872,0.0460040454965428,0.16973337249172152
-2.843173396966501,7.5255120232997745,0.002154592895270105,0.11025580509499538,0.10810121219972528
-2.8085530028499717,7.484351360197556,-0.06418843471074466,0.06565297723483683,0.1298414119455815
-2.8044054131729848,7.514136078663917,0.07921736971259458,0.23357258276694295,0.15435521305434838
-2.8387683602092806,7.4996421149262025,0.002582441223282869,0.12159099707736118,0.11900855585407831
-2.722182013190621,7.671805111776605,0.005764487597235801,0.15528510356713934,0.14952061596990354
-2.807409305844589,7.518600686689199,-0.043508011180724324,0.11408551914693653,0.15759353032766085
-1.794915017167079,7.483432316029525,-0.18279110964189754,-0.014888609599531769,0.16790250004236576
-1.763232830000545,7.437089320348767,-0.058340976003144154,0.06289026867211858,0.12123124467526274
-1.7150987448133042,7.442733374185288,-0.054225728184087676,0.06700551649117506,0.12123124467526274
-1.7407131902276085,7.449024931320092,-0.041816926332935045,0.07941431834232769,0.12123124467526274
-1.6525175818371682,8.163648616227947,0.013023731306538125,0.11090186861064405,0.09787813730410592
-1.67824780442382,8.176875265069187,0.022074649661842013,0.11685597442540333,0.09478132476356131
-1.6679166916854784,8.189891833211162,-0.12735088312827883,-0.014548130468096804,0.11280275266018203
-1.6534801038150546,8.162997954309274,-0.01202875899950058,0.08584937830460534,0.09787813730410592
-1.6721229712218948,8.183519346985143,-0.0821139572222994,0.0753932029018023,0.1575071601241017
-1.664721596282525,8.165491652746844,0.05592547229139873,0.15380360959550465,0.09787813730410592
-1.6625529963166437,8.165300492277495,0.022796136067272196,0.12067427337137812,0.09787813730410592
-1.6324087700412804,7.5304827313110705,-0.05709475746897298,0.08811074405904025,0.14520550152801323
-1.6950647119184883,7.585897407655378,-0.034106606085650665,0.10519459460223263,0.1393012006878833
-1.7006058553232806,7.587021079855313,-0.11435616827206983,0.02494503241581346,0.1393012006878833
-1.7197639721514955,7.574451969293165,-0.015724414804947406,0.12357678588293589,0.1393012006878833
-1.7066680264176848,7.581864360582836,-0.060113835352779726,0.07918736533510357,0.1393012006878833
-1.7072222543489428,7.585245466812804,-0.07741110914387708,0.06189009154400621,0.1393012006878833
-1.732884351642389,7.588763385431377,0.011696536585239503,0.1509977372731228,0.1393012006878833
-1.7309964719988202,7.5891752000250765,-0.03201080613542438,0.10729039455245891,0.1393012006878833
-1.6417879789272647,7.541304794942119,-0.05741457360592597,0.06785190093241078,0.12526647453833675
-1.6417845399303288,7.540466531324917,-0.05485098668081492,0.07041548785752183,0.12526647453833675
-1.642790836926513,7.540607880927007,-0.014098408273436017,0.11116806626490074,0.12526647453833675
-1.64159955079011,7.542413292069893,-0.017363280086430358,0.1079031944519064,0.12526647453833675
-1.689740037222088,7.615164642146757,-0.013356516830309084,0.09703585215982667,0.11039236899013576
-1.71234051290131,7.598937830131268,-0.08444410781992986,0.045259031678969906,0.12970313949889978
-1.725400177999028,7.459496180449534,-0.06976073351985174,0.051470511155411,0.12123124467526274
-1.6286457320037242,8.071129268429177,-0.057748118621325256,0.06437081291701716,0.12211893153834241
-1.6063747139028433,8.066500668344046,-0.030137144277777528,0.0875618499083851,0.11769899418616263
-1.6292542035151834,8.063204896238627,-0.02635536029180477,0.0940649353494707,0.12042029564127547
-1.5991489315321163,8.10417212430003,-0.027746513602437503,0.08908121691913501,0.11682773052157251
-1.6075023511592192,8.07314951409296,-0.03585344791938225,0.0910017116350397,0.12685515955442195
-1.5823535556831536,7.960542936451449,0.05458480079196186,0.17481231511268494,0.12022751432072308
-1.6126081801207341,7.972200814771172,0.013376671831631007,0.1314685036369132,0.1180918318052822
-1.5779470888652993,7.961739889093306,0.024778928145446563,0.14570510377502593,0.12092617562957937
-1.6111921791844428,7.970512040871988,-0.0027927441595950453,0.11529908764568715,0.1180918318052822
-1.6140510113387874,8.072381645946782,-0.028014247317139515,0.0988409122372824,0.12685515955442192
-1.6247536061835737,8.072411068028508,-0.009100685474545497,0.11301824606379691,0.12211893153834241
-1.6246045296705645,8.069010016475746,-0.02157071230457344,0.10528444724984848,0.12685515955442192
-1.6053537642532418,8.066118594179072,0.012036090575522587,0.12973508476168522,0.11769899418616263
-1.6588232736195263,7.996993450272823,-0.0727814414566287,0.054844100400765775,0.12762554185739447
-1.6124151086142613,8.06239875540322,0.008540383787727326,0.12623937797388995,0.11769899418616263
-1.6196930991883538,8.087304180246884,-0.03881438020181727,0.10281646408864667,0.14163084429046394
-1.8026449793506762,8.059777715334478,-0.11922041754165803,0.01990234441873616,0.1391227619603942
-1.80293070639544,8.056814836950316,-0.051705424204457756,0.0994003108385059,0.15110573504296365
-1.6830329284998025,8.042157609307722,-0.09246989198502836,0.04093885236265427,0.13340874434768263
-1.6620304220808733,8.000293340128852,-0.059232758081121495,0.0733300977177859,0.1325628557989074
-1.5051888271510128,7.857992202390784,-0.03104671473446409,0.08911399229029246,0.12016070702475655
-1.5294218826242079,7.954925097139515,-0.11309414064741323,0.03250172150864976,0.145595862156063
-1.6577496459787655,7.996934562621764,-0.03408267153945578,0.09354287031793869,0.12762554185739447
-1.5177425000199951,7.943654640694364,-0.029733362521969717,0.09867565923696135,0.12840902175893107
-1.6628018173911678,7.997927528579646,-0.00011244512192529199,0.12751309673546918,0.12762554185739447
-1.573791848455008,7.956768003163459,-0.07198378726389021,0.0767418552880634,0.1487256425519536
-1.6054188820784019,7.961702342112234,-0.041639667609905326,0.10732795018141854,0.14896761779132386
-1.619326913673349,7.9669433677530535,-0.04567597658312954,0.09179266453721995,0.13746864112034948
-1.6213970750799638,7.980843050136201,-0.05345546884558244,0.07823262907953096,0.1316880979251134
-1.6159740215976781,7.973068505819631,-0.09245607820117772,0.025635753604104472,0.1180918318052822
-1.597522128775315,7.973347821391966,-0.02697904471312111,0.09111278709216108,0.1180918318052822
-1.6583583769167132,7.998053778921138,-0.0005560169664893533,0.12706952489090512,0.12762554185739447
-2.753058994797595,7.5411735583633766,-0.02006524294228766,0.056583894795425096,0.07664913773771276
-2.788114732723286,7.541720115480517,-0.069379030364018,0.0866530778254725,0.1560321081894905
-2.786375058894711,7.520149972528476,-0.07404607819043284,0.09283953229003931,0.16688561048047215
-2.797335234913548,7.6417206773887525,0.009492932720118447,0.14210250653483406,0.1326095738147156
-2.779142793161823,7.666267646113112,-0.03796246728492901,0.0970645286019537,0.13502699588688272
-2.690822373573204,7.698824952072109,0.006505134183034875,0.10789966976314982,0.10139453558011495
-2.777130070131125,7.6414954603344025,-0.021313293584931947,0.09543644602333134,0.11674973960826329
-2.7879806917686096,7.653311772376894,-0.06727200221061981,0.07512315535111398,0.1423951575617338
-2.7984236714083153,7.6555047607732405,-0.09424306209914923,0.04815209546258456,0.1423951575617338
-2.7953301203786363,7.652353672140525,-0.05856818565272766,0.08382697190900613,0.1423951575617338
-1.9963762169822437,7.1849476317886705,-0.0034352890924039675,0.11232109078728669,0.11575637987969066
-1.9954777032087403,7.185182709202071,-0.014787172423708417,0.10096920745598224,0.11575637987969066
-2.9021951232683314,7.249062248858099,0.028098547658291423,0.15793971104799448,0.12984116338970306
-2.891027144741161,7.321044944735413,-0.01848795634167094,0.13552578553792155,0.1540137418795925
-2.882360475620244,7.3274708922935785,-0.006110310057690499,0.147903431821902,0.1540137418795925
-2.890955316623382,7.325084165721234,-0.14356935948494648,0.010444382394645998,0.1540137418795925
-2.9307785457637023,7.321067487947617,0.011876806733023215,0.1621320386001261,0.15025523186710288
-1.511378760634364,8.004972084367552,-0.031057771097940737,0.1070060870037401,0.13806385810168084
-2.8200841667480536,7.513762902553664,-0.0747627901299551,0.11297486942171564,0.18773765955167074
-2.8441980680792827,7.52916476230129,0.019295431318489653,0.1334331485177696,0.11413771719927995
-2.8418529150923844,7.52869477117025,-0.017442390245907644,0.09669532695337231,0.11413771719927995
-2.8264069009534962,7.518314688788448,-0.05340454523965063,0.050844017004860645,0.10424856224451128
-2.8425699713515167,7.528819733895478,0.0424534033921663,0.15659112059144625,0.11413771719927995
-2.839071814319236,7.529722347530479,-0.07103564430858564,0.06353467347479674,0.13457031778338238
-2.8417543490849106,7.53004782744268,-0.08017044772164791,0.05439987006173447,0.13457031778338238
-2.820489159171418,7.51490373902271,-0.08335323840804197,0.0859593615697548,0.16931259997779677
-2.823885981672028,7.518223769463149,-0.034155624037555454,0.07958783474904553,0.11374345878660098
-2.8231473787047445,7.51660562124607,-0.05898353869790125,0.09595988703758128,0.15494342573548253
-2.824205958062934,7.515252743786562,-0.05827528211881222,0.09167525225516787,0.1499505343739801
-2.8203290625409756,7.51180009242004,0.01681959675291711,0.15237945023790814,0.13555985348499103
-2.8194817018292495,7.5124533906728725,-0.02046830432479818,0.11509154916019285,0.13555985348499103
-2.861771340703,7.544205226746846,-0.0907906412246174,0.059772526876417,0.1505631681010344
-1.5507202719591355,8.119670784175163,-0.0339417765096178,0.065538821144781,0.0994805976543988
-1.6182408770836503,8.026685680081554,-0.058878460361872845,0.07949607679836058,0.13837453716023343
-1.5480611156091553,8.123687750428536,-0.01981703985475948,0.07966355779963932,0.0994805976543988
-1.553392904684872,8.120088624099134,-0.02529985140056401,0.07418074625383479,0.0994805976543988
-1.688875489940103,7.4783261791128535,-0.09412782945669543,0.049526835242169054,0.14365466469886448
-1.6862920518620217,7.464981369210555,-0.02041030653948886,0.10799688977231842,0.12840719631180728
-1.6899157964624747,7.48311737714952,-0.06699005380549464,0.07666461089336984,0.14365466469886448
-1.7011915174357024,7.463091465881869,-0.06540690595515454,0.055824338720108196,0.12123124467526274
-1.6985316990396695,7.491551681203457,-0.01571565311482162,0.116189958193893,0.13190561130871462
-1.694319341381054,7.4832356692336255,-0.01224614075038627,0.1314085239484782,0.14365466469886448
-1.630313266962314,8.105113718439462,-0.05083620770805655,0.08548324189239043,0.13631944960044698
-1.5867229764464459,8.032636271566282,0.019464333799345812,0.17062242730977767,0.15115809351043186
-1.6253030147690266,8.101868758326095,0.05253241975886233,0.1888518693593093,0.13631944960044698
-1.6868313758265066,8.051755752193383,-0.012649445394604733,0.11666938644117357,0.1293188318357783
-1.6823400456355742,8.056220314047103,-0.05320888204194105,0.07610994979383726,0.1293188318357783
-1.638971444340332,8.036286168850687,-0.03448596046016911,0.10709604928382382,0.14158200974399293
-1.619495172815372,8.120886608438232,-0.05510720639478426,0.04437339125961454,0.0994805976543988
-1.692414315206531,8.066549999170185,-0.08861194944382239,0.0591817284822562,0.1477936779260786
-2.5259035468371303,7.974016355757811,-0.09142981073017256,0.02512705618716217,0.11655686691733473
-2.552102932420557,7.9676259415995645,-0.09076065985614978,0.06940447073493847,0.16016513059108825
-1.6503117891632988,7.514572430153194,-0.10117135203604469,0.044034149491968544,0.14520550152801323
-1.6284226549480931,7.521592337084378,-0.023195118787554383,0.12201038274045885,0.14520550152801323
-1.6314155434524444,7.493199523048412,-0.0798344910091865,0.06433534192520703,0.14416983293439353
-1.6247775560644686,7.50328169987191,-0.03675173869069717,0.10741809424369636,0.14416983293439353
-1.625804101607108,7.503259203379388,-0.01695776242400937,0.12721207051038416,0.14416983293439353
-1.633131284174435,7.465931009001901,0.0013417165844934187,0.1449963812833579,0.14365466469886448
-1.6261328276471951,7.521256934236843,-0.06424933226307653,0.0809561692649367,0.14520550152801323
-1.6282355045814232,7.514307857613011,-0.0363587265725419,0.10884677495547133,0.14520550152801323
-1.6268338685670058,7.5112015294479955,-0.035020438504346024,0.1101850630236672,0.14520550152801323
-1.6290369609766384,7.514411703473474,0.004022336495918405,0.14922783802393164,0.14520550152801323
-1.6504914510038482,7.484292754698607,-0.01494522537733875,0.12870943932152573,0.14365466469886448
-1.64561505041968,7.501344881662258,0.01863487822032725,0.15054048952904187,0.13190561130871462
-1.6335929050192644,7.464693258199745,-0.11777002594665033,0.025884638752214154,0.14365466469886448
-1.6458452851687928,7.500075677207975,-0.06400499373173235,0.06790061757698226,0.13190561130871462
-1.6670996022003521,7.4834036091502485,-0.004518357661459554,0.13913630703740493,0.14365466469886448
-1.6515824798583398,7.496065289954138,-0.011716134159005964,0.12018947714970865,0.13190561130871462
-1.6665279766464856,7.485714213532727,-0.05310657761921074,0.09054808707965374,0.14365466469886448
-1.6285779658967472,7.491776642260566,-0.06827992803551405,0.07588990489887948,0.14416983293439353
-2.8144391259958965,7.775571732885852,-0.007522616754189276,0.12892475087441502,0.1364473676286043
-2.862369436703516,7.480123050797674,-0.12986871352556922,0.012657762999556843,0.14252647652512607
-2.8019900925109575,6.937433896943935,0.001827311137845039,0.12907202978313487,0.12724471864528983
-1.3686211855408954,7.20205064480764,-0.012566925449288224,0.09960890717371423,0.11217583262300246
-1.4753690229903496,7.237719040554207,-0.036907092361877586,0.07526874026112487,0.11217583262300246
-1.4824577053478944,7.216333181874136,0.004726685256929639,0.1169025178799321,0.11217583262300246
-1.4322575795621328,7.277427283563091,-0.0188617869235123,0.0795859385440251,0.0984477254675374
-2.83055673337759,7.650364891874518,-0.030034008958941302,0.09701878685848654,0.12705279581742784
-2.824906610548767,7.6296358941130125,-0.025689215923688696,0.09385767636260497,0.11954689228629367
-2.8192155087395077,7.644344911594628,-0.009461434852201994,0.1270702568073055,0.1365316916595075
-2.82647181186818,7.627843033242223,-0.001868612802198355,0.10248563648969705,0.1043542492918954
-2.821228060233987,7.646898621544906,-0.1086130698694133,0.015616974653242438,0.12423004452265574
-2.823082329118407,7.647625664477224,-0.08689798422779112,0.03733206029486462,0.12423004452265574
-2.8471084038707226,7.637113947714503,-0.06547660378061552,0.05026501946564506,0.11574162324626058
-2.821084151505418,7.773982838034004,-0.023847509265120054,0.11497487600470041,0.13882238526982046
-2.8213253464115513,7.774949214167728,-0.017259565924648612,0.11918780170395568,0.1364473676286043
-1.6913297328362227,7.584630150802268,0.0266538010717933,0.1659550017596766,0.1393012006878833
-2.793028890002625,7.285852020971821,-0.0918178756189194,0.053193922739362395,0.1450117983582818
-2.8389606770383162,7.636608309854896,0.030821643933673606,0.15078862473528828,0.11996698080161468
-2.8394546796993727,7.549571635905395,-0.11543631858842818,0.014409096070975208,0.12984541465940339
-2.8296988461539634,7.547369591633074,-0.01989610931336029,0.09654583421462709,0.11644194352798738
-2.8260998715906944,7.607850750896431,-0.038824513318342954,0.10609854280187715,0.1449230561202201
-2.8402399635740156,7.57529822178926,-0.024578586172344485,0.10594679077591604,0.13052537694826052
-2.895804886898867,7.576764452242374,-0.028610904197333267,0.08279698825420403,0.1114078924515373
-2.900699665148052,7.583722158446767,-0.04228364692342104,0.10075161485813885,0.1430352617815599
-2.8490411160482023,7.568286806144331,-0.10816535639100118,0.04392077803331744,0.15208613442431862
-2.881895007566512,7.5711351858650255,-0.05707145088502932,0.13213678244544974,0.18920823333047906
-2.870383639588533,7.5793654259910594,-0.010990619121396636,0.10629119820504451,0.11728181732644115
-2.8713035574691887,7.580038784780872,-0.012951849887998704,0.11101380336623848,0.12396565325423718
-2.8265103606760635,7.60383975355253,-0.06034565542055986,0.0840813086147286,0.14442696403528846
-2.841447062192083,7.61776760387864,-0.09335310533922869,0.08202485576054896,0.17537796109977766
-2.8855442149175805,7.58848557080934,-0.009410190948795777,0.11783869755494125,0.12724888850373703
-2.9044593283418236,7.580826233962738,0.043664219133007096,0.16257890169821115,0.11891468256520406
-2.9115975146687423,7.564612860809465,-0.09733275656722412,0.03726749419483238,0.1346002507620565
-2.9037521605449865,7.580448522617377,-0.08376562990654747,0.03514905265865659,0.11891468256520406
-2.881129919310306,7.586377931229277,-0.014821541916481842,0.10698062312033478,0.12180216503681662
-2.8862252726829443,7.606032409027213,-0.08202705578075517,0.08184759637311867,0.16387465215387384
-2.8858065854365074,7.606509362974827,-0.0628622097436291,0.10101244241024473,0.16387465215387384
-2.815220583046409,7.598401335178852,-0.08543526783195161,0.09480084878682775,0.18023611661877936
-1.9970926406699545,7.307573009337699,-0.032702223410344136,0.12192439344985513,0.15462661686019927
-1.9961086501890246,7.285409115429977,-0.07084548092943693,0.08378113593076233,0.15462661686019927
-2.0263487526079205,7.27270124529071,-0.11604146202820101,0.04505510482423075,0.16109656685243176
-2.040217992008258,7.2758429909366855,-0.09200048322606208,0.06262613363413719,0.15462661686019927
-2.069033479229832,7.272402290501068,-0.058581388356800254,0.08906103049443116,0.14764241885123142
-2.013424159995303,7.237072221841734,-0.12335835159106118,0.04309124030740128,0.16644959189846245
-2.0027991484872425,7.257073939684285,-0.0469835493940942,0.09425213591645866,0.14123568531055286
-2.0175943401630185,7.234444357423718,-0.04584763511548097,0.09835169554000907,0.14419933065549004
-1.9953790841328845,7.236942520546796,-0.0876423151216056,0.08077224880541177,0.16841456392701737
-2.697551706961962,7.639511584537178,-0.026321912786488988,0.10458732961925535,0.13090924240574434
-2.711669044185854,7.6482108074028226,-0.08850571150603394,0.02800029960378296,0.1165060111098169
-2.721456903917242,7.762030083815335,-0.11744730419109672,0.05576625778034398,0.1732135619714407
-2.726129936864346,7.734206720027896,-0.07224816899962772,0.047806646775248596,0.12005481577487631
-2.744609607092367,7.6233182411661415,-0.01596255576215183,0.1327539829937918,0.14871653875594362
-1.5214535773684248,7.963546113467905,0.06173398569220992,0.19265888810838666,0.13092490241617674
-1.7618031919029682,7.335671582239395,-0.10464410613151298,0.05880557764116446,0.16344968377267743
-1.7871350495524263,7.35506712988005,-0.05624225600245644,0.08591982604736764,0.14216208204982408
-1.7766080566297353,7.3620427815986655,-0.06156540739443525,0.06667597181014978,0.12824137920458503
-1.7777176298922517,7.3619509381392,-0.023149919090651408,0.10509146011393362,0.12824137920458503
-1.6825964265363704,7.407898454453138,-0.07546194316152605,0.07024683672435347,0.14570877988587952
-1.7405195783353893,7.330975267092457,0.016120027617887014,0.10767675482338186,0.09155672720549485
-1.6879933838992989,7.405972575586559,-0.02197766198357287,0.12373111790230665,0.14570877988587952
-1.7653287526957668,7.33931461691182,-0.08176672995007567,0.044399352608588176,0.12616608255866385
-1.6350741141423704,8.086728341345154,-0.03442724303841527,0.10720360125204867,0.14163084429046394
-1.6819337326835113,8.07439200604147,-0.13448346942714645,0.02044964702480004,0.1549331164519465
-1.6383764876691342,8.087629335793233,-0.05660527079696298,0.08502557349350096,0.14163084429046394
-1.6363953952705612,8.08607990735779,-0.05723757717399498,0.08220542212980768,0.13944299930380266
-1.6220405361561063,7.953047624695528,-0.06332939622020924,0.08617624387836613,0.14950564009857537
-1.6249244090688013,7.9292163792422805,-0.07126376707172774,0.08269346083156895,0.1539572279032967
-1.874795028506921,7.680963103847294,-0.07768037523761667,0.07501306093621168,0.15269343617382836
-1.8450547873398269,7.632950682688131,-0.010285476077976197,0.08463714850741483,0.09492262458539102
-1.8578900547437502,7.6408357964724365,0.010879158469236677,0.10580178305462769,0.09492262458539101
-1.858113226774579,7.649520448459014,0.012060178124894433,0.10698280271028544,0.09492262458539101
-1.8854551928445333,7.692629542342817,-0.05205506369644379,0.10063837247738457,0.15269343617382836
-1.838597918004556,7.638197342607999,-0.02321371637854301,0.07170890820684801,0.09492262458539102
-1.5280262012876829,7.979339014153148,-0.008669530762825395,0.14117413922670086,0.14984366998952625
-1.5346550153966003,7.989368327489231,0.022270165242250423,0.1598649135136444,0.13759474827139398
-2.662706829863423,8.000881673362155,-0.07815668250097893,0.041686598768099416,0.11984328126907835
-2.676146988431497,7.339333419856723,-0.07379489326458255,0.10269930454989665,0.1764941978144792
-2.6746038226078266,7.340041533224507,-0.08678126801681586,0.07613803883397131,0.16291930685078718
-2.6814145996228045,7.360845424051882,0.027993812667797408,0.13467511822158998,0.10668130555379257
-2.9160729946969224,7.2036777218469155,-0.06016866947455542,0.09527104354924266,0.15543971302379808
-2.93085789374477,7.194604329897999,-0.05765814190250186,0.09803347381193171,0.15569161571443357
-2.6812326283753265,7.149848414280734,-0.008381723183926229,0.11658864858244064,0.12497037176636687
-2.692771814346554,7.174586689496893,-0.04019206366422068,0.08330336374172925,0.12349542740594993
-1.5543080181532483,7.945561697480022,0.04895631711298355,0.166254205250716,0.11729788813773244
-1.562100412232432,7.9726527073458735,-0.021539679499810616,0.11720906858929511,0.13874874808910573
-1.4960224544703025,7.976032696025181,-0.014916155200583397,0.13492751478894285,0.14984366998952625
-1.4857097582101961,7.951125258663523,-0.05905919718655653,0.08653666496950646,0.145595862156063
-2.8949557743187224,7.203878006922426,-0.063255771313197,0.09064006221339065,0.15389583352658764
-1.6651014118763552,7.655729354083578,-0.01983170524418501,0.1298882441016882,0.1497199493458732
-1.6565715827182788,7.639979043525998,-0.023299207036841435,0.1256696552669026,0.14896886230374404
-2.591635419742832,7.710889980975213,-0.09210895428871528,0.04335592164202966,0.13546487593074494
-1.5336368515527443,7.988344990916223,-0.053474852509463836,0.1011605690522784,0.15463542156174223
-1.5285400135586404,8.030521708949628,-0.01374185501124875,0.1157011937137899,0.12944304872503865
-1.514859395518523,8.008901016402234,-0.00751389179224643,0.0903273737501387,0.09784126554238513
-1.5591294587540612,7.969401439281767,-0.0024165908763569555,0.11171495775869969,0.11413154863505665
-1.5350967176659323,8.026597161319776,-0.037338807134557866,0.09210424159048078,0.12944304872503865
-1.5082949353526627,8.010725984001965,-0.09640480518852221,0.0014364603538629256,0.09784126554238513
-1.494486947082221,7.989653928625452,-0.12544848370454306,0.04074255952116901,0.16619104322571207
-1.546807233890187,7.969808645764357,0.02261779760104174,0.13674934623609838,0.11413154863505665
-1.519760104878181,8.017975196125407,0.01088371923509883,0.08553602948226208,0.07465231024716325
-1.5057291478126433,7.981634738138981,-0.0693029407581395,0.10376702180018213,0.17306996255832163
-1.505792462121452,8.019141223548472,0.020994104027206487,0.09564641427436973,0.07465231024716325
-1.5285137996244926,8.026826270552695,-0.0683055772758415,0.06113747144919716,0.12944304872503865
-1.5293963250998668,8.024085078887467,-0.05326034454160711,0.07618270418343154,0.12944304872503865
-1.5497290457738941,7.941281371231369,-0.007682010110529422,0.10961587802720302,0.11729788813773244
-1.7538447770538812,7.746642323158546,-0.004510733767207384,0.11390183769928154,0.11841257146648893
-1.7672987413440282,7.7657429052207165,0.03764801604528706,0.18771319776017328,0.15006518171488623
-1.744293853935965,7.744530232084427,-0.05065886590368285,0.07573482849134028,0.12639369439502313
-1.7449630325007295,7.70862445878348,0.01363415912025187,0.16596684464968747,0.1523326855294356
-1.7598488893623818,7.731720899975853,-0.11761516423545361,0.05966257491817746,0.17727773915363107
-1.610748471514246,7.973251504639604,-0.0017706236679771586,0.11632120813730504,0.1180918318052822
-1.5950619681617824,8.044008604752499,-0.03246722939230126,0.10327065002033706,0.13573787941263832
-1.6103430933208098,7.965542784192213,-0.05004561439992587,0.09051364685064218,0.14055926125056806
-1.681806820498384,7.446107243558352,-0.02566889965349639,0.09556234502176635,0.12123124467526274
-2.5870255347534736,7.961677070258587,-0.09123816366266965,0.0696501703399526,0.16088833400262226
-2.614958322125565,7.956924356020075,-0.010263294438609821,0.13376399132948152,0.14402728576809135
-2.5741386124648185,7.994086510031706,-0.050037518685649277,0.06041016829526584,0.11044768698091512
-2.579135464499923,7.950186097107806,-0.01834246543391377,0.10913608865322555,0.12747855408713932
-2.568141935997046,8.010526407311652,0.009120901882326962,0.12754605001024996,0.118425148127923
-2.582457396560555,7.96765766856782,-0.005080422206810015,0.15393652992228418,0.1590169521290942
-2.5882418992334877,7.964264367555494,-0.017533419428950148,0.13661431769371504,0.1541477371226652
-2.585491670062567,7.958883489734304,-0.02418524901938693,0.11984203674870442,0.14402728576809135
-2.6130486009351017,7.946620926339499,-0.06492233805063115,0.06901525754770028,0.13393759559833143
-2.587845289631301,8.011709853614132,-0.05562770452479242,0.06279744360313058,0.118425148127923
-2.5789398521846763,7.955482500504337,-0.0960475989435379,0.04797968682455344,0.14402728576809135
-2.613632564592715,8.005143404958856,-0.10528449100427592,0.04396084608407668,0.1492453370883526
-2.5761878664095827,7.9570615676962335,-0.05755141394031456,0.09574103039793759,0.15329244433825215
-2.627315258164796,8.004795241669092,-0.07961155876222331,0.06524849850060607,0.14486005726282938
-2.597437436999311,8.006297514635241,-0.0011093801267155479,0.14616747664856317,0.14727685677527871
-2.626937209907679,8.000032375573847,-0.05208021544105165,0.07148361315446197,0.12356382859551363
-2.6253389003724354,8.014049952377686,-0.028475966695682475,0.09975874516961067,0.12823471186529314
-2.598924729856131,8.017387544906779,-0.03596563240090121,0.08468496172551278,0.12065059412641399
-1.6656223357450428,7.916678036877626,-0.10262544647596178,0.036837987629865655,0.13946343410582743
-1.6630221598502255,7.921218359859101,0.002093080820545934,0.14155651492637336,0.13946343410582743
-1.6711650316264794,7.910789959296975,0.010926200170692457,0.12501024755508972,0.11408404738439726
-1.6785435109989222,7.887522821751666,0.03748423136266474,0.12984192773476802,0.09235769637210328
-1.6795637914038875,7.887047858433623,0.02843006335835277,0.12078775973045605,0.09235769637210328
-1.6698791492340392,7.916438035898514,-0.03418853962194077,0.06390162853020495,0.09809016815214572
-1.6623055888936002,7.901880528268517,-0.03511416292310514,0.06471794346005535,0.0998321063831605
-1.7585988275134048,7.88709651735889,-0.023001590307695483,0.11478348093011086,0.13778507123780634
-1.6889894920092225,7.867070651531461,0.057686115516419265,0.16060262177133644,0.10291650625491718
-1.6510731152279294,7.8746279242705555,-0.02243515318137687,0.11201111370941436,0.13444626689079123
-1.6518587570418024,7.870462775432252,0.0246205543456786,0.13689560042774085,0.11227504608206225
-1.639478134507378,7.8897630698277865,-0.04757028844946301,0.07371336204348763,0.12128365049295065
-1.6628121103695341,7.895742481419012,0.04432050526084848,0.14190973821873923,0.09758923295789075
-1.648289406193953,7.875760055731613,-0.056263939360451765,0.07818232753033946,0.13444626689079123
-1.6432461294108658,7.884020598023569,-0.01539696110061027,0.10588668939234037,0.12128365049295065
-1.6435584530516731,7.866059803377861,-0.055455896637239765,0.08042123399408982,0.13587713063132958
-1.6582307548582549,7.899131369786073,0.03555532633653878,0.13314455929442953,0.09758923295789075
-1.6393676106840225,8.015977301999413,0.06193985472249787,0.13371600354997587,0.071776148827478
-1.6441639251052647,8.026345518530027,-0.08605555610347526,0.03377519463398689,0.11983075073746215
-1.6410220649411138,8.022132503503375,0.05668252127755907,0.15146250903733155,0.09477998775977248
-1.6475005294488425,8.02581085247816,0.08434731845214788,0.19560918609588612,0.11126186764373824
-1.7619177037905855,7.891678709214078,-0.056909043925120556,0.08087602731268581,0.13778507123780637
-1.7370759467311172,7.7577867038726245,-0.0295497710561686,0.09047433399014466,0.12002410504631326
-1.6514244479978861,7.798921270850394,0.025101697063331666,0.1478560513580864,0.12275435429475474
-1.754579653734419,7.888776506174895,-0.03918083811496631,0.09860423312284006,0.13778507123780637
-1.7289764722837702,7.742021102471001,-0.04011105074802336,0.09563307897861002,0.13574412972663338
-1.728119893126359,7.741984757916578,0.039728557096637945,0.17547268682327133,0.13574412972663338
-1.7383092175407933,7.765526501577815,-0.11011913333539504,0.038919519220862855,0.1490386525562579
-1.7322164660037533,7.768022927905056,-0.07971612472935877,0.06266354853438338,0.14237967326374215
-1.7099800351539594,7.911901772081184,0.016779304321573707,0.11334856572934604,0.09656926140777233
-1.6921707327738509,7.899405597339316,-0.07394451884239467,0.027779127057220576,0.10172364589961524
-1.6984713797030444,7.911307420075074,-0.017956553855074386,0.08013361429707133,0.09809016815214572
-1.6919919825124812,7.731497955075773,-0.09540194289938933,0.07974904353684048,0.1751509864362298
-1.6906580165220626,7.750414916164768,0.02764542663775872,0.13619450044933723,0.10854907381157851
-1.688696350657034,7.753378048965248,0.0264368060452866,0.1248998274490806,0.098463021403794
-1.691872736820416,7.741144042899,-0.09700431936654363,0.02510445554916846,0.12210877491571209
-1.6307452888355018,7.664401981518785,-0.05803410052290449,0.06668881964924891,0.1247229201721534
-1.724674423517456,7.767327834520889,-0.06462615966940645,0.06681763606806874,0.1314437957374752
-1.7249423550716898,7.754281720671327,-0.03334372107699435,0.08670381317648568,0.12004753425348003
-1.6977741267492956,7.739357768548894,-0.08913287989637728,0.04970301803640741,0.1388358979327847
-1.6780327661138699,7.741360397815997,-0.007339561352902119,0.11476921356280997,0.12210877491571209
-1.6795795656639905,7.7341362773103155,-0.05828737451345492,0.06664414308924275,0.12493151760269768
-1.6791269883775073,7.755716028210091,-5.465771376386708e-05,0.12052212131215637,0.12057677902592023
-1.7163549832843816,7.762384956300778,-0.01960601044870043,0.09568012175906873,0.11528613220776916
-1.7282569490382027,7.75608007657737,-0.060355288046205526,0.05493084416156364,0.11528613220776916
-1.6160494661439624,7.640427665081967,0.02086206880934313,0.15410764671531085,0.13324557790596772
-1.7164429487033392,7.880488474340913,0.051248243818307226,0.1553445186398878,0.10409627482158057
-1.7102972495706212,7.893049724911468,0.00563209783332462,0.10799450323881074,0.10236240540548612
-1.709595209920471,7.896531952514164,-0.01597030683906399,0.08575333906055126,0.10172364589961524
-1.6436685528872093,7.898012657512952,-0.0461535311196315,0.051435701838259254,0.09758923295789075
-1.6685301810120878,7.892306182320647,0.04319752857675134,0.1407867615346421,0.09758923295789075
-1.6596753948637397,7.89477065781124,0.0327616275130808,0.13035086047097155,0.09758923295789075
-1.7475168399398233,7.882354434942308,-0.06351435259165077,0.06161217030945294,0.1251265229011037
-1.6848713353517413,7.912978070307838,-0.031136302966739998,0.06695386518540572,0.09809016815214572
-1.7460875176694794,7.932672057220926,-0.02632749967771103,0.11499065949537993,0.14131815917309096
-1.6729140595047545,7.849653135746688,-0.0927367238671293,0.04643136261125097,0.13916808647838028
-1.6966660005297425,7.88798980580092,-0.02760969861717308,0.06952117020252556,0.09713086881969864
-1.704811199047374,7.864083434097559,-0.054259018047809617,0.05209624207114947,0.10635526011895909
-1.7610292388071054,7.892727900519927,-0.08433509964244916,0.05344997159535721,0.13778507123780637
-1.6674457145345054,7.894816697974682,-0.03203194171419421,0.06555729124369654,0.09758923295789075
-1.7549289841224793,7.923975292982012,0.03390728126982355,0.13385217448923278,0.09994489321940923
-1.8026974865891483,7.997475668124343,-0.08215399014015445,0.022109047825704442,0.1042630379658589
-1.8061584296310436,7.99872136368217,0.009743301793257886,0.11400633975911678,0.1042630379658589
-1.7977317653968645,7.998377478254569,0.0023707500121693953,0.10663378797802829,0.1042630379658589
-1.8087361351787492,8.005529837351645,0.03220740012570816,0.13647043809156706,0.1042630379658589
-1.8061268754871878,8.002404411662397,0.0023330194936220655,0.10659605745948096,0.1042630379658589
-1.8084919146817617,7.99723014910003,-0.02437428960183649,0.0798887483640224,0.1042630379658589
-1.8081509187458065,7.9951540909905745,-0.042706046434333234,0.06155699153152566,0.1042630379658589
-1.635021606665573,7.896753214105683,0.013564183780823927,0.13739729030419695,0.12383310652337302
-1.834597523102176,7.728198821693131,-0.00819734300799825,0.1166718195387223,0.12486916254672055
-1.8541209810032382,7.7100443449470255,-0.07834065749017796,0.07508830232971897,0.15342895981989693
-1.8794962761059548,7.702259382753587,-0.018719143758828605,0.13397429241499975,0.15269343617382836
-1.886842304190917,7.710114155354758,-0.07635584485855372,0.07707311496134321,0.15342895981989693
-1.8736751163161214,7.703753986376999,-0.057668518170644764,0.09576044164925217,0.15342895981989693
-1.871084494308184,7.696435605189819,-0.08228175193270283,0.07041168424112552,0.15269343617382836
-1.8942281181809948,7.713355343964696,-0.024902809565870265,0.1182213599848096,0.14312416955067986
-1.8750579251104325,7.722257844431149,-0.07082519925469555,0.05404396329202503,0.12486916254672058
-1.9179943853630594,7.738957062462347,-0.05031461822933353,0.08325927510122164,0.13357389333055517
-2.7632092686820706,7.499842245770167,-0.07011688025980943,0.06830874110345318,0.1384256213632626
-2.8434337333190602,7.462739845791857,-0.04127111254075995,0.1068759023898047,0.14814701493056465
-2.8638872510611177,7.47552152889689,-0.05053221318120543,0.11211649256612338,0.16264870574732881
-2.863706768979943,7.473998231113032,-0.08452719236103903,0.04942524106214963,0.13395243342318866
-2.3641897583740157,6.961068203680293,0.03777471869159932,0.1128701183306393,0.07509539963903998
-1.5074196923640955,7.688745643895002,-0.13729201544466083,0.033777617884976484,0.17106963332963732
-1.5410670745788828,7.748478080568532,0.019023114770022803,0.18786287320043635,0.16883975843041354
-1.533973469557357,7.747016833071588,-0.09452162734017773,0.07431813109023584,0.16883975843041357
-1.532679426664325,7.75749388501716,-0.01414443780241112,0.1398689479286956,0.1540133857311067
-1.6869334850695465,7.367029330031085,-0.034935591663443746,0.104248988487765,0.13918458015120874
-1.685815885124638,7.374344932744938,-0.04258613516731641,0.10595541104280518,0.14854154621012158
-1.664348888228864,7.409284274044496,-0.09888388477142233,0.046824895114457185,0.14570877988587952
-2.6899728500274813,7.870988773010363,-0.002978127974906486,0.1312245160814288,0.13420264405633528
-2.6515554861062194,7.860104912968999,-0.02938412226822086,0.09784317954040479,0.12722730180862565
-1.6380304796059388,7.696693147566611,-0.01837094033641415,0.11554586692474439,0.13391680726115854
-1.6392335382830678,7.698498916218996,-0.041926808820653486,0.09198999844050505,0.13391680726115854
-2.856293589608934,7.608965052774191,-0.004411541960134879,0.10126180864249824,0.10567335060263312
-2.844673549504248,7.623795804511404,-0.04944606591835521,0.058538793042265724,0.10798485896062093
-2.8533606879700115,7.5946876271952,-0.042718716527121114,0.08937857477310959,0.1320972913002307
-1.547124384762613,7.633340916960644,-0.048895214705050816,0.0781646532505875,0.1270598679556383
-1.5659797164439568,7.49812285545492,-0.07800382324015034,0.06616600969424319,0.14416983293439353
-1.7511947306220117,7.5975667158527544,-0.008942287922949405,0.10145008106718635,0.11039236899013576
-1.552820936474397,7.629741521881377,-0.015997615811260663,0.11106225214437765,0.1270598679556383
-1.7053404589794594,7.65358477396206,-0.06959327322454696,0.10633242440865355,0.1759256976332005
-1.7678888608127148,7.597983420353843,-0.018887322373267318,0.09150504661686844,0.11039236899013576
-1.7638745337484971,7.599467732824454,0.0026742113211349477,0.1130665803112707,0.11039236899013576
-1.7014315122858938,7.6416322548613405,-0.009466433077157402,0.10597089690323455,0.11543732998039195
-1.7472481119899101,7.585803315082915,-0.016244662938558904,0.09989614258878911,0.11614080552734801
-1.7644324248230154,7.604909126106696,-0.0076140261514395235,0.10277834283869623,0.11039236899013576
-1.7248917722820596,7.654054668444897,-0.0304395720629472,0.1454861255702533,0.1759256976332005
-1.5553530100702253,7.630872484085859,-0.08187295753454962,0.04518691042108868,0.1270598679556383
-1.7066624152815486,7.65116209140961,-0.09688925844233293,0.0824189608676485,0.17930821930998142
-1.7237771989600585,7.654380100612245,-0.06592236407103988,0.11000333356216063,0.1759256976332005
-1.763690770635634,7.605932916273309,-0.08106727689440774,0.02932509209572802,0.11039236899013576
-2.924845903093102,7.194607758958057,0.0380367609425465,0.15386854829969496,0.11583178735714846
-2.9274304295560265,7.172137889060384,-0.040282935162206684,0.10650235078042822,0.1467852859426349
-2.932522851166843,7.174442817570215,-0.017515048283005874,0.13598987410579708,0.15350492238880295
-2.7505212533040377,7.240506227618009,-0.03590672251659727,0.1428299988993051,0.17873672141590236
-2.050699799780028,7.16506533809318,-0.002633356865443262,0.1131230230142474,0.11575637987969066
-1.7532529973496318,7.538602668637546,-0.154122382280866,0.0020310643713498944,0.1561534466522159
-1.7991063684349327,7.56452570260493,-0.018825416395950062,0.10200315731266882,0.12082857370861888
-1.7532822395327194,7.4201270813422004,-0.03363441594319276,0.10469925036820112,0.13833366631139388
-1.7794431309848506,7.4498291644345125,-0.07107964840926173,0.050151596266001006,0.12123124467526274
-1.778656775645744,7.44956602748623,-0.10059752985888107,0.020633714816381668,0.12123124467526274
-1.7798518289176601,7.4487015699098515,-0.0060411339576058876,0.11519011071765685,0.12123124467526274
-1.7284098902124903,7.569534842343648,-0.09149997588785483,0.04333400583684669,0.1348339817247015
-1.7247937537305709,7.527205255383342,0.04161192207830963,0.18237952277660502,0.1407676006982954
-1.7236048285630927,7.529698598232106,-0.033915834862142835,0.10685176583615255,0.1407676006982954
-1.7348020490916152,7.519938884328197,0.011795891436910788,0.15256349213520617,0.1407676006982954
-1.724156166144657,7.531972338516538,-0.043658737924848576,0.09710886277344681,0.1407676006982954
-1.788470532715038,7.3991375178939025,-0.020101517773405797,0.12736463077500387,0.14746614854840967
-1.8388425595853635,7.603098309242635,-0.0173370589425801,0.09803708511164816,0.11537414405422826
-1.8462282569881117,7.559329937078281,0.017205489367159404,0.13803406307577828,0.12082857370861888
-2.8269196665477274,7.49977965403681,-0.12969347743814158,0.010190060135515433,0.139883537573657
-2.8418208714635234,7.4682260942726915,0.0010642642919598544,0.13310220944335568,0.13203794515139583
-2.8194322679834993,7.525824977090644,-0.03618072621921445,0.1238880947592371,0.16006882097845154
-2.81557169307437,7.497635683951667,-0.044592134903194774,0.08932563036051311,0.13391776526370788
-2.8075740364066695,7.4838632724987955,-0.05122629510150281,0.07861511684407868,0.1298414119455815
-2.842138047054537,7.499891200237469,-0.03577085037548869,0.08323770547858964,0.11900855585407832
-2.796995861603179,7.495313631050703,-0.0482472414681257,0.10767621267204394,0.15592345414016964
-2.8249862492161104,7.50548975827494,0.0023409204826418673,0.14678965331555055,0.14444873283290868
-2.8089408555496007,7.506040488650272,-0.10170522216236952,0.0733640532733445,0.17506927543571402
-2.7238924176013493,7.670953155275253,-0.16165192309667664,0.02432578217133001,0.18597770526800664
-2.7949399300133635,7.628428072617867,0.02213883009434217,0.20015240133829265,0.17801357124395048
-2.797395820089002,7.615229422963855,-0.0066430479561198075,0.12400613170957495,0.13064917966569475
-2.735787597302095,7.5739831787166185,-0.05134556376760843,0.07936911221023663,0.13071467597784506
-2.73567215041245,7.5747676101074095,0.015016886220030973,0.14573156219787603,0.13071467597784506
-2.7854216894956725,7.6257050828746875,-0.06208987482607095,0.1350151438762344,0.19710501870230535
-1.6493483560746254,8.201756544901192,-0.04817531156029828,0.11647585969413579,0.16465117125443407
-1.6731575435052972,8.188299688115595,-0.03703892372395082,0.07576382893623121,0.11280275266018203
-1.666852321160512,8.187594024493174,0.011024793137160163,0.12382754579734218,0.11280275266018201
-1.6675471335215584,8.187991555320576,0.028758717934911776,0.1415614705950938,0.11280275266018203
-1.7248318517127799,8.19080080045164,-0.08924580741639754,0.02355694524378449,0.11280275266018203
-1.6742010574312938,8.168893691248199,-0.006208998576687566,0.10522878924282869,0.11143778781951626
-1.6700754343248885,8.178143958179284,0.013542054753092378,0.10832337951665369,0.09478132476356131
-1.661148869440324,7.501793121394628,-0.024930391528701967,0.10697521978001265,0.13190561130871462
-1.6430955792688435,7.541803364451992,-0.02752676264465731,0.09773971189367944,0.12526647453833675
-1.609687273934047,8.065817378886678,0.027916074978701258,0.1456150691648639,0.11769899418616263
-1.6283198162823769,8.085617506718732,-0.05251831049304355,0.08692468881075911,0.13944299930380266
-1.6193155277368478,8.072079962248415,-0.031172148424558663,0.09568301112986326,0.12685515955442192
-1.6277026423928755,8.088661698809288,-0.0325729009311688,0.10905794335929514,0.14163084429046394
-1.6333963317379114,8.072853497779086,-0.03379785168514472,0.08832107985319769,0.12211893153834241
-1.6307438675195425,8.081612024719977,-0.1130181018470558,0.0375879472164515,0.1506060490635073
-1.5895203303526317,7.966429688708258,-0.015889507762594554,0.10479346183493518,0.12068296959752974
-1.607404489082835,7.960775123325038,-0.03527039127554439,0.10526916784960123,0.14053955912514562
-1.6110866302394746,7.960241703694082,-0.057859189431672106,0.08046306658055112,0.13832225601222323
-1.5927264688406768,7.947509796719387,-0.02705511463196314,0.0902427735057693,0.11729788813773244
-1.5814921939030218,7.9458072706553295,-0.1550524382026116,-0.03775455006487918,0.11729788813773244
-1.6083387948539885,7.963048910659187,0.005993792821465588,0.14655305407203364,0.14055926125056806
-1.5925695877050308,7.9555247573432375,-0.021564371725104198,0.13364326738614518,0.15520763911124938
-1.5771101543129964,7.96093520447373,-0.1058039234623292,0.039611090419734256,0.14541501388206346
-1.6312068341717603,8.066272137641468,-0.05942478384557953,0.06743037570884239,0.12685515955442192
-1.6338822277550524,8.08308406116054,0.017194897859944158,0.15663789716374682,0.13944299930380266
-1.623857878672632,8.07568348151872,-0.06969795677504538,0.04729627155252,0.11699422832756538
-1.6296722279821305,8.071269567587413,-0.006223666590424781,0.11589526494791763,0.12211893153834241
-1.618036529987762,8.073982526603833,-0.041858931032944066,0.07513529729462132,0.11699422832756538
-1.802735412612548,8.06170788065879,-0.01914379841225569,0.11302596218077696,0.13216976059303265
-1.8019365822927562,8.060947643144125,-0.04121696490379746,0.09790579705659673,0.1391227619603942
-1.6642485544713004,7.998749792867254,-0.043721278687032336,0.08390426317036213,0.12762554185739447
-2.7522940462591516,7.533498579582271,0.004384840925860348,0.11211791867656107,0.10773307775070072
-2.7734147102581694,7.540567381851991,-0.05006519961114436,0.0750920181943652,0.12515721780550956
-2.7476079845892447,7.531481027759219,-0.08687085841483065,0.02086221933587007,0.10773307775070072
-2.757848770187378,7.662408810451477,-0.07038316537699704,0.056835664712343144,0.12721883008934018
-2.7847906770393487,7.669025267481146,-0.0751423440348152,0.05178993775500027,0.12693228178981547
-2.7598674440423627,7.665013922086243,-0.09956465218649486,0.028426995367323363,0.12799164755381823
-2.757615462501911,7.664782341611443,-0.016676844767214608,0.11131480278660362,0.12799164755381823
-1.5589113621274509,7.970622574309518,-0.04365352813227395,0.0885437989943587,0.13219732712663265
-1.5459453508298215,7.953639449933799,-0.034930337392050564,0.11066552476401242,0.145595862156063
-1.5322313279668454,8.022343517653553,0.01859622681020695,0.11767155693534176,0.09907533012513481
-1.5302750745477391,7.98656943867481,-0.04549827141439147,0.12757169114393013,0.1730699625583216
-1.5473817734356863,7.954838972315584,-0.03270514902781417,0.11289071312824882,0.145595862156063
-1.535321528428566,7.971304342016089,-0.07063798384287726,0.0546564389346428,0.12529442277752006
-1.56083806959222,7.971574804721211,-0.018608676028564766,0.12014007206054096,0.13874874808910573
-1.5306926232544702,8.018984253183447,0.0304634887995604,0.10511579904672365,0.07465231024716325
-2.8391574953836476,7.528100008862677,0.08614910324073233,0.18778440072324276,0.10163529748251043
-2.828552776899721,7.520665415337257,-0.01414848316029374,0.09613257027466622,0.11028105343495996
-2.8179803837540147,7.506673087092229,-0.025231198410236272,0.11188179100078316,0.13711298941101943
-2.82615763201672,7.517253135065556,-0.036597140494143365,0.09181732442979931,0.12841446492394268
-2.8181207501826417,7.508345263681411,-0.003917797969282363,0.097853625729255,0.10177142369853737
-2.8278347516913516,7.5203799927917245,-0.015262814306450004,0.09501823912850996,0.11028105343495996
-2.8179690503650745,7.512057496362314,-0.05801404368541842,0.07754580979957261,0.13555985348499103
-2.7594588811698726,7.587334798960034,-0.019384278277130157,0.10324885362570649,0.12263313190283665
-1.5300067344596138,8.161594479568729,-0.0009916911843813742,0.12191393856917059,0.12290562975355196
-1.5353610487880502,8.112679134006136,-0.009265970808369453,0.07818071946643233,0.08744669027480179
-1.670320609493294,7.459464397967177,0.002486881805622232,0.1308940781174295,0.12840719631180728
-1.6741514170757108,7.475324691651511,-0.017853630855673097,0.12580103384319138,0.14365466469886448
-1.6726565701008302,7.459546259991785,-0.06957821088852643,0.05882898542328084,0.12840719631180728
-1.6402402782811847,8.036684795838829,-0.08625697821995501,0.05532503152403793,0.14158200974399293
-1.638466672308653,8.039117934865663,-0.021115436608147367,0.11462244280449092,0.1357378794126383
-1.6628801604111187,8.064185602996616,-0.054764098472114636,0.07112349703087584,0.12588759550299047
-1.6242022495087374,8.10896183593152,-0.0844392967857657,0.05188015281468128,0.13631944960044698
-1.6375027334174341,8.111081281751948,0.03159024313799594,0.16790969273844292,0.13631944960044698
-1.6124117029473912,8.125162051913271,-0.050962325682713576,0.055214242299455214,0.10617656798216879
-1.6453047651260735,8.111281228484309,-0.10451045842313504,0.03180899117731194,0.13631944960044698
-1.687220876933092,8.073789252078239,-0.11189563079630752,0.06288487768631318,0.1747805084826207
-1.612216143169466,8.025083709303184,-0.032845313023885755,0.10552922413634767,0.13837453716023343
-1.6903735893638312,8.059221221796621,-0.047099295245845316,0.09888918724803696,0.14598848249388227
-1.6894985830583356,8.059313264230777,0.029074481573040656,0.17506296406692293,0.14598848249388227
-1.6867382682926735,8.066621766670984,-0.0842661817325347,0.06352749619354389,0.1477936779260786
-1.6881170022368177,8.053592142074113,-0.023600262742285535,0.10571856909349277,0.1293188318357783
-1.5883185988632371,8.03344557893424,-0.00796156019808758,0.14319653331234428,0.15115809351043186
-1.6496302175801412,8.052425750982753,-0.061197497472498974,0.06812133436327936,0.12931883183577833
-1.6569477290049004,8.04839100821287,-0.00867014487987336,0.1253564167388968,0.13402656161877016
-1.6518241839780998,8.075830124127386,-0.13608430268802346,0.01884881376392307,0.15493311645194652
-1.6380679528074453,8.037339363797894,0.0280856809112581,0.169667690655251,0.1415820097439929
-1.637814725100282,8.03940818889259,0.0018419465706647487,0.13757982598330304,0.1357378794126383
-1.6463795721586618,8.056163903406615,-0.06210718171855514,0.06721165011722319,0.12931883183577833
-1.64457526864547,8.03823554176688,0.0018135535947954307,0.13065234666901607,0.12883879307422064
-1.657385900886604,8.06364917935334,0.05237053225610665,0.1509536817773172,0.09858314952121054
-1.6538020209349007,8.06820459972358,-0.08044301205864501,0.0416759194796974,0.12211893153834241
-1.6517632781042255,8.05313314881067,-0.05871370359271913,0.0706051282430592,0.12931883183577833
-1.6528602392968796,8.0535626103231,0.02301667154562484,0.15233550338140317,0.12931883183577833
-1.6934858959337942,8.066919280058949,-0.04915981656960014,0.09863386135647845,0.1477936779260786
-1.6891751667178108,8.06531406961727,-0.03367469896670029,0.1141189789593783,0.1477936779260786
-2.5626438045817785,7.990034672534555,-0.020951305901108774,0.09874828360146419,0.11969958950257296
-1.6377771214337027,7.465559596192254,-0.010412133264900425,0.13324253143396406,0.14365466469886448
-1.6215995963580752,7.492552161897884,-0.026826704031376145,0.11734312890301739,0.14416983293439353
-1.628078204975722,7.516506552653922,-0.04494437644328912,0.10026112508472411,0.14520550152801323
-1.6232311594310431,7.5141707166560305,-0.13767659273634067,0.007528908791672562,0.14520550152801323
-1.6273805097089973,7.5135874831286475,-0.022525055046385675,0.12268044648162756,0.14520550152801323
-1.6555794641209107,8.121413157874787,0.007411045465162372,0.12642812101968687,0.1190170755545245
-1.7354832012664934,8.19597660322743,-0.06906338531597718,0.043739367344204846,0.11280275266018203
-2.7995218345052146,7.309812207618822,-0.09004768417488071,0.04659284585410467,0.13664053002898538
-2.792049530064516,7.286940266623397,-0.017462426567703998,0.11753914101812307,0.13500156758582707
-2.773387914579707,7.295107097635323,0.0015520599176887945,0.10396165286163932,0.10240959294395052
-2.7146775971173716,7.170495290582492,-0.12266305727527059,0.012858669559290256,0.13552172683456085
-2.6828753039992472,7.184263343068833,-0.0690165465197769,0.06127508842588573,0.13029163494566262
-2.8317747723309856,7.626361118914182,-0.011328568107117604,0.10898141015388545,0.12030997826100305
-2.8321941547644824,7.625316131970117,-0.00020052790150761057,0.12422042850509246,0.12442095640660007
-2.8265474456033854,7.537383824494194,-0.04001034883661905,0.07125859276731632,0.11126894160393537
-2.827403258911396,7.6048702293398724,-0.04958070252448528,0.08960682748306877,0.13918753000755404
-2.8381823526482037,7.5851324183364515,-0.07885744122207242,0.05886721156082587,0.13772465278289828
-2.8380634774274793,7.583587249385761,0.013680141531886014,0.1514047943147843,0.13772465278289828
-2.806832714553473,7.607341875477693,-0.0514683174541543,0.10313270765609238,0.15460102511024668
-2.8486669063486936,7.632854147021404,-0.04860538329136789,0.06775709212178063,0.11636247541314852
-2.84965476575362,7.646825326262885,-0.09138329602178002,0.04723533984865764,0.13861863587043766
-2.888492835954613,7.574837698524066,-0.068817161941094,0.04259073051044331,0.1114078924515373
-1.983775599241309,7.264638838408375,0.039825123448034766,0.17188529820859788,0.13206017476056311
-2.009890927231023,7.242013082581573,-0.05702380176807037,0.08851250254380513,0.1455363043118755
-2.004986934238705,7.242358630002225,-0.06651619009936195,0.07902011421251355,0.1455363043118755
-2.0047433134092283,7.2429464879894265,-0.05869254452220696,0.08684375978966855,0.1455363043118755
-2.0100888601664697,7.238312745322672,-0.09908337494476391,0.06933118898225346,0.16841456392701737
-2.060267529797058,7.25468642634676,-0.052371052928309264,0.09130555929069978,0.14367661221900904
-2.714406390821842,7.632920520561403,-0.025079456045894635,0.0972669929514087,0.12234644899730333
-2.689314002297588,7.658259614332,-0.06414292898034703,0.09643014834997189,0.16057307733031892
-2.6660500195428845,7.644611963008677,-0.06462552922353065,0.042770892455588905,0.10739642167911956
-2.756513706358709,7.742173649258933,-0.011131042439656097,0.13328210116202413,0.14441314360168023
-2.7476975731913043,7.728280215236872,-0.05236452715159397,0.07257570380809619,0.12494023095969016
-2.7096097980910923,7.7607928018180194,-0.10507742255429488,0.06813613941714582,0.1732135619714407
-2.7276659171547664,7.757828655958717,-0.07134865689794062,0.06623930730563321,0.13758796420357383
-2.7128665267900516,7.634340897751356,-0.07075026010880943,0.051596188888493905,0.12234644899730333
-2.718927399597206,7.638417924797582,-0.021933693918273364,0.10704750194206712,0.1289811958603405
-1.566645736272458,7.969372078307316,0.019257694203223374,0.13338924283828002,0.11413154863505665
-1.7753007202967401,7.365653756413373,-0.0628069263872052,0.06543445281737983,0.12824137920458503
-1.684874625343593,7.4082498977416025,-0.12732006287191394,0.018388717013965578,0.14570877988587952
-1.6872397147581764,7.406314230080992,-0.09304759298543333,0.052661186900446195,0.14570877988587952
-1.768926453803625,7.382094673096397,-0.08286219388220324,0.0769719901296498,0.15983418401185304
-1.7694459698251632,7.381407535531491,-0.11575446709196566,0.04407971691988738,0.15983418401185304
-1.7702640231042934,7.382095649267743,-0.08918091494994003,0.07065326906191301,0.15983418401185304
-1.7693562446408477,7.383089123996737,-0.08719831063164386,0.07263587338020917,0.15983418401185304
-1.7556878655679349,7.3634626654357715,-0.03309196013349598,0.09514941907108905,0.12824137920458503
-1.722055603040161,7.344299787546036,-0.09625851595504521,0.034691912417403756,0.13095042837244897
-1.7378233046221851,7.332034220144171,0.030114062239631534,0.12016476166567684,0.09005069942604531
-1.3986955223483253,7.101197010882866,0.00248965399543824,0.16555943038539117,0.16306977638995293
-2.496284292242871,7.074124773570952,0.054239657487779494,0.15582292263016426,0.10158326514238476
-1.872271071311928,7.672440374377667,-0.06438114772125435,0.07127014581347317,0.13565129353472752
-1.886333138379335,7.69126333203122,-0.02880991940517727,0.12388351676865109,0.15269343617382836
-1.870891806109968,7.64141503203491,0.02398803526249345,0.11891065984788446,0.09492262458539101
-1.888435509244484,7.673401338416206,-0.05872149301685607,0.09397194315697228,0.15269343617382836
-1.9050814150474435,7.687023072114468,-0.04945919924447317,0.10323423692935518,0.15269343617382836
-2.609679643647342,7.550717788533159,-0.00803885669415269,0.12448783946807984,0.13252669616223253
-2.5978116733249457,7.544593861980219,0.030344028742333537,0.13290178378368453,0.10255775504135099
-2.6764806525011107,7.339865480645255,-0.08563364346202662,0.061709764937127466,0.14734340839915408
-2.6747409659563104,7.342514859974097,-0.030255286682726784,0.12720303837927266,0.15745832506199944
-2.6782666469225744,7.364050129937032,0.05911012043259614,0.1657914259863887,0.10668130555379257
-2.6775941726916437,7.365420610384603,0.02617032341094408,0.13285162896473665,0.10668130555379257
-2.894774077448,7.197595287583846,0.07313232525956821,0.16033144244217415,0.08719911718260594
-2.9019234955427313,7.199139261091609,-0.13162681824573863,-0.012707812987491449,0.11891900525824717
-2.886130809899585,7.177114687636917,-0.01829647834228071,0.12081978063037996,0.13911625897266067
-2.6862423980153665,7.143444384980431,-0.04578799970280606,0.10689855333614465,0.1526865530389507
-2.6864169641827966,7.159730038238152,0.019225939125916233,0.13893755728338977,0.11971161815747354
-2.6854794594714515,7.159907255607218,-0.07118791677576644,0.048523701381707106,0.11971161815747354
-1.5404422624242045,8.035213869041371,-0.054900974579450784,0.07454207414558786,0.12944304872503865
-1.524898810421529,8.028403935512987,0.004179494060148586,0.13362254278518723,0.12944304872503865
-1.5445348125185776,7.965364693870184,-0.058271923972812244,0.05129392058677105,0.10956584455958329
-1.5610629107464222,7.983674110064797,-0.025431930179988876,0.105977198812958,0.13140912899294688
-1.5454384762727802,7.988562496624085,-0.05954684204377529,0.09508857951796694,0.15463542156174223
-1.543429859293234,8.01251148091109,-0.010270353550757713,0.08757091199162742,0.09784126554238513
-1.5651844321398691,7.954085026564065,-0.04128492307282963,0.11985334296806938,0.161138266040899
-1.5214428355429797,8.007548054025664,-0.04889229861231852,0.04894896693006661,0.09784126554238513
-1.5429775260804401,7.987470580253934,-0.09160032639020751,0.06303509517153472,0.15463542156174223
-1.7203871702988531,7.674765470055041,-0.018849033653935754,0.08995155059122767,0.10880058424516342
-2.744320110754986,7.259424703887978,-0.07230173458318606,0.0453503406628216,0.11765207524600767
-2.651159227200496,7.156334249156136,-0.03372455128994509,0.14749871569798778,0.18122326698793287
-2.653445971344631,7.159529951000984,-0.10243020502813846,0.0622517802279382,0.16468198525607666
-2.6466560695243424,7.15181642114917,0.008773070518022855,0.12882584320171753,0.12005277268369467
-2.654961933153442,7.13143666341116,-0.0767699164619523,0.05902886110821275,0.13579877757016506
-2.6586769812141395,7.138743487312114,0.003367429080840187,0.12537628265799555,0.12200885357715537
-2.8320000583342475,7.236246469389447,-0.12416727523159647,0.028228355673230385,0.15239563090482686
-2.8206831587520163,7.238113893458359,0.006999876052082521,0.15496184684386935,0.14796197079178683
-1.6386692317517835,8.024944204530179,0.02364483547701647,0.14347558621447862,0.11983075073746215
-1.5902883741511746,7.968839238905982,-0.06615725543025294,0.07259149265885279,0.13874874808910573
-1.575351558645375,7.943691297365539,-0.056174794684972065,0.061123093452760374,0.11729788813773244
-1.6685997396352579,7.446808980851808,-0.0062035391502576614,0.11502770552500508,0.12123124467526274
-2.5771565483123005,7.957246162186767,-0.12158890565400962,0.03170353868424253,0.15329244433825215
-2.5862544273340387,7.988335434114354,-0.022440001857214426,0.09725958764535854,0.11969958950257296
-2.586458756512956,7.959168228802061,-0.08214600003464062,0.061881285733450725,0.14402728576809135
-2.600469930655007,7.945863011775141,-0.048818620440006344,0.08511897515832509,0.13393759559833143
-1.6512186739499843,7.896335202416814,-0.028830881342984824,0.06875835161490593,0.09758923295789075
-1.6289522259795541,7.8779804768965205,-0.10110370359317747,0.06226851741846116,0.16337222101163862
-1.8055808748033622,8.013676172581052,0.07447906853244737,0.16740135462023262,0.09292228608778524
-1.750988836135324,7.869265888018379,0.032807642494205536,0.12858282630015283,0.0957751838059473
-1.7576413813376686,7.80591698870506,-0.09127266092884605,0.033645754748769865,0.12491841567761591
-1.7594899019722041,7.805798797178038,-0.08630301193832454,0.05901583699976883,0.14531884893809338
-1.7318360048431545,7.819311897350696,0.026487685858866447,0.13181285923206632,0.10532517337319987
-1.7220786822959793,7.7361246836317825,0.011272108716884305,0.13648484743978934,0.12521273872290503
-1.7289078758611316,7.758174261834469,-0.07765960542518871,0.03762652678258045,0.11528613220776916
-1.728987223360975,7.741070411632073,-0.010602726081598624,0.12514140364503476,0.13574412972663338
-1.7046655101237391,7.743889095827439,-0.024686056235077178,0.10693122287758693,0.1316172791126641
-1.709379822260448,7.759135221710419,-0.10103627074052446,0.014249861467244704,0.11528613220776916
-1.6685315090506085,7.917419729263516,-0.060597738278346414,0.07886569582748101,0.13946343410582743
-1.6463829085356454,8.007426412972395,-0.028837848455576853,0.09008114071327888,0.11891898916885574
-1.6478733388426732,8.011309224044869,-0.021082333343427115,0.09783665582542862,0.11891898916885574
-1.6460818956853984,8.02369401305959,-0.07092634471117922,0.04033552293255903,0.11126186764373824
-1.6477306148292539,8.012050184926899,-0.04978094494731247,0.0637533488242423,0.11353429377155477
-1.7584556259159565,7.882977011881236,-0.07100049412956183,0.06963636297676659,0.14063685710632842
-1.6559578076888664,7.846205031598304,-0.06586646657808981,0.07330161990029047,0.13916808647838028
-1.6321874583284859,7.648800340509592,-0.07853213508934459,0.07400210721538172,0.15253424230472631
-1.6314021660783389,7.652197856576156,-0.032999807109769644,0.09022941774159168,0.12322922485136133
-1.7215557718004475,7.896811672042342,-0.00927138328851436,0.10880473783463754,0.1180761211231519
-1.7160452038744565,7.880107913649541,0.06622120560803177,0.17031748042961234,0.10409627482158057
-1.6967829203658082,7.932618116046734,-0.01716922012954536,0.1323773276489558,0.14954654777850115
-1.6902148479809607,7.916016671633554,0.053018094207263916,0.15110826235940963,0.09809016815214572
-1.692929772142951,7.924158152898728,-0.06233426613244872,0.07560826122900532,0.13794252736145404
-1.6934141525748103,7.888360939501534,-0.04277217208694375,0.05363522768979694,0.09640739977674069
-1.6975881074497214,7.915406092600894,0.03289060016521561,0.12945986157298794,0.09656926140777233
-1.674410983068061,7.772560837527102,-0.05348512859693573,0.09511914052484007,0.1486042691217758
-1.6831737097535886,7.719381743689255,0.020201948530361738,0.12647334760544054,0.1062713990750788
-1.6334541325719825,7.876417626814521,-0.10462883044421037,0.05874339056742824,0.16337222101163862
-1.6969415798610716,7.882991406086894,0.024657487018249574,0.12304023814824097,0.0983827511299914
-1.8018351190003519,8.003128314299229,-0.015823516395074344,0.08843952157078455,0.1042630379658589
-1.8081078972118223,8.013178900232237,-0.016480127435452574,0.07644215865233267,0.09292228608778524
-1.7891175158818287,8.009178671668835,-0.02386678012315939,0.0803962578426995,0.1042630379658589
-1.797089068031077,8.003044952291308,0.012135165558551958,0.11639820352441085,0.1042630379658589
-1.8543369192984955,7.717239875275426,-0.014810234264215488,0.12831393528646437,0.14312416955067986
-1.8737681406569708,7.69514638395506,-0.07228283079810438,0.08041060537572398,0.15269343617382836
-1.8530742848385997,7.719160354345153,-0.014608149752940752,0.11026101279377983,0.12486916254672058
-1.833189314137406,7.70460498897677,-0.06772081476651177,0.11011428856199347,0.17783510332850525
-1.842493462795524,7.678852561704032,-0.008841145413399226,0.1268101481213283,0.13565129353472752
-1.8541239570474664,7.7186266151737986,0.01238127557117187,0.13725043811789245,0.12486916254672058
-2.8316387828353933,7.479343393954466,0.021986173845374296,0.17187129826545394,0.14988512442007965
-2.8659401545376455,7.469886461958807,-0.02384094637271715,0.07626284376603348,0.10010379013875063
-2.8661102651696466,7.475062960119461,0.021955549816634362,0.15712041578572777,0.1351648659690934
-2.860137442112923,7.479623306771338,-0.041809352772549796,0.10071712375257627,0.14252647652512607
-2.8641060385773387,7.467056857314397,-0.10661997758322166,0.04981834937270864,0.1564383269559303
-2.865647828064932,7.466751823854225,-0.08795867536991574,0.06847965158601456,0.1564383269559303
-2.864284939335663,7.467945385690887,-0.041068001906849325,0.11537032504908097,0.1564383269559303
-1.5041664190191444,7.691226475061197,-0.044871683428767406,0.1261979499008699,0.17106963332963732
-1.5452301673494881,7.650370679748442,-0.05177605001139302,0.05311675001743115,0.10489280002882417
-1.5258998298616362,7.740331751435049,-0.08491460870362844,0.06371686122203435,0.14863146992566278
-1.7028862739508037,7.367239523255853,-0.06577547973928309,0.07340910041192565,0.13918458015120874
-2.6815463283905623,7.886186240780651,-0.0861466476503044,0.05953854308028132,0.14568519073058572
-2.7029274247846002,7.359218176838785,-0.11488687955370287,0.016836430409605543,0.13172330996330842
-1.761947917259078,7.610708592973529,-0.1078035449345946,0.0025888240555411585,0.11039236899013576
-1.7032032514855417,7.6338381422619355,0.00345914513262828,0.07976410114906839,0.0763049560164401
-1.7573490756356884,7.649634247451947,-0.0005802209048022117,0.10638733016430739,0.1069675510691096
-1.7113175971401922,7.656813070300419,-0.05259110214933718,0.12333459548386333,0.1759256976332005
-1.7517167413411405,7.660328008936287,-0.11913755397562376,0.038581968893073325,0.1577195228686971
-1.7574207643736641,7.6690214133500625,-0.06950482717565676,0.039295757069506665,0.10880058424516342
-1.7149194268824826,7.639380258987539,-0.01631385085168148,0.07362699866961703,0.08994084952129851
-1.737369424386023,7.637880346454744,0.005999533500021512,0.09594038302132002,0.08994084952129851
-1.7268659985558323,7.651667857122196,-0.014809785277476839,0.13816882721666554,0.15297861249414238
-1.7066228898175644,7.648943740665582,-0.030203874040038353,0.12594432690598922,0.15614820094602758
-1.7480242331624514,7.596213143636635,-0.030041152178312408,0.08035121681182335,0.11039236899013576
-1.7488020985064192,7.595722184210049,0.0005341538038103472,0.1109265227939461,0.11039236899013576
-1.728478083615087,7.636641240266846,-0.02956949756476568,0.06037135195653283,0.08994084952129851
-2.696819935407108,7.161171540460668,-0.0342189686261557,0.09892252173729257,0.13314149036344827
-2.77512697867441,7.2614392146075,-0.058495753755613514,0.09317822169259117,0.15167397544820468
-2.7097342560622644,7.210125297392942,0.05457732789247405,0.1547806961727755,0.10020336828030146
-2.7499126804153504,7.241225082482021,-0.02929417907968415,0.11652931352066923,0.14582349260035338
-2.0477553665190067,7.14010077326003,-0.02427832130751606,0.06342702806788647,0.08770534937540253
-1.734375858197721,7.521564239687436,-0.07691090338242802,0.06385669731586736,0.1407676006982954
-1.7356212928877868,7.519416887126846,-0.05895744507987698,0.08181015561841841,0.1407676006982954
-1.775426486738557,7.409183397580399,-0.11737372073501891,0.030092427813390762,0.14746614854840967
-2.804677090555719,7.519795875373846,-0.07145438620982605,0.08613914411783483,0.15759353032766088
-2.8216011772893377,7.504277263768392,-0.06764367427017116,0.08976631319476876,0.15740998746493992
-1.67687928694084,8.128066461709865,0.009141623301264001,0.11539412891658761,0.10625250561532361
-1.6611698475829337,8.165012121527164,0.023631127486145806,0.12150926479025173,0.09787813730410592
-1.6473983742557294,8.200294945018795,-0.06469668206013644,0.09995448919429763,0.16465117125443407
-1.6503295854974889,8.203866602628903,-0.13731086409329563,0.02734030716113843,0.16465117125443407
-1.6512796876603228,8.202190307404255,-0.120135125562639,0.04451604569179508,0.16465117125443407
-1.6484557552363153,8.202610579089624,-0.09426557804560969,0.07038559320882438,0.16465117125443407
-1.8094127514600578,8.060360303611425,-0.015926521117728853,0.12319624084266534,0.1391227619603942
-1.8211923966543688,8.0631094085942,-0.010391753807897003,0.12177800678513565,0.13216976059303265
-1.8228357367291375,8.053455456575717,-0.0657821425129439,0.08532359253001975,0.15110573504296365
-1.8203327757093302,8.04612225481457,0.08199014497558077,0.19490867721020866,0.11291853223462789
-1.8210756647158723,8.062129021175782,0.029216077979726335,0.16138583857275898,0.13216976059303265
-1.8223864917053834,8.060798472680272,0.00875385274938581,0.14787661470978,0.1391227619603942
-1.8619574305338944,8.068687590793566,-0.05976980519033112,0.12522764249289056,0.18499744768322168
-1.8630218721544876,8.067058207783983,-0.02234815048709901,0.11505875366135199,0.137406904148451
-1.8241330435304388,8.086058231950007,-0.0030321769175571944,0.11199419351666508,0.11502637043422227
-1.8452169859967569,8.051246698957984,-0.13111695843418728,0.019988776608776376,0.15110573504296365
-1.8447689593112424,8.052176637761146,-0.09945967802834141,0.05164605701462225,0.15110573504296365
-1.833045434094112,8.066496737825096,-0.07839576120474061,0.08647025495655887,0.16486601616129948
-1.8281580017260035,8.07006852094015,-0.08382680287596356,0.10117064480725813,0.18499744768322168
-1.5892740291803371,7.9781930464085,-0.029585592554144294,0.09057282604061109,0.12015841859475539
-1.5992205894318448,7.970188688007505,-0.03151312327824381,0.10723562481086192,0.13874874808910573
-2.7798010541111804,7.544369297949705,-0.12532860302148613,0.007461376910809142,0.13278997993229527
-2.7497528488767107,7.535782686618205,0.04038876298069924,0.117037900718412,0.07664913773771276
-2.7869230566618715,7.55259799896787,-0.062424924967252785,0.09840977734410382,0.1608347023113566
-2.823789015149852,7.515737043224545,-0.06701632400333135,0.08792710173215118,0.15494342573548253
-2.6935072025805757,7.331087482610855,0.018917353386022226,0.13474710545013094,0.11582975206410871
-2.728856648391639,7.37626478372432,-0.10539666814661477,0.051887597898478625,0.1572842660450934
-2.699382525251119,7.345599233846671,-0.02212075942510376,0.08585041618962433,0.10797117561472809
-1.5264510183047382,8.161734669704177,-0.015160056474815484,0.10774557327873648,0.12290562975355196
-1.6310074907355947,8.010710873716084,-0.05894546413046067,0.059973525038395065,0.11891898916885574
-1.5507841611734352,8.12058633867453,-0.08782104473384948,0.011659552920549321,0.0994805976543988
-1.7119081625616315,8.02312650467009,-0.04932729420014937,0.04737231536549328,0.09669960956564265
-1.656427418272547,8.103128164207044,-0.04323771426469042,0.09308173533575656,0.13631944960044698
-1.7022150625741361,7.982299251093564,-0.02862765133230484,0.08534117076615931,0.11396882209846415
-1.6430147655264065,8.089360415662815,-0.04659801835546573,0.0950328259349982,0.14163084429046394
-1.6456743682909118,8.11196524265293,-0.06820907705363233,0.06811037254681465,0.13631944960044698
-1.6461371278995867,8.115181406781986,-0.09563453056767834,0.04068491903276863,0.13631944960044698
-1.6931766870298846,8.08554323212477,-0.013993980027091985,0.10155434684473295,0.11554832687182494
-1.6877196191221842,8.063590282492363,-0.03736562684855002,0.08880603423157166,0.12617166108012168
-1.6926529150536473,8.065925160382843,-0.025204612850088737,0.12258906507598985,0.1477936779260786
-1.691431045295105,8.06561613981749,-0.0833964388090457,0.06439723911703289,0.1477936779260786
-1.6503307994180072,8.085809565219808,-0.1477285879066739,0.010924216384496588,0.15865280429117048
-1.706587358176108,8.041024233744345,-0.14699606344258753,-0.013587319094904932,0.1334087443476826
-1.609623837073195,8.026417386283317,-0.059436244168438804,0.07893829299179463,0.13837453716023343
-1.6971946446804749,8.06822166069704,-0.07960181426252921,0.10117218480894744,0.18077399907147665
-1.56284038957287,8.012293231751265,-0.020338857316022474,0.08604287407760314,0.10638173139362561
-1.5853395855473722,8.031616665545924,-0.0790944125079243,0.07206368100250755,0.15115809351043186
-1.626199868537236,8.099526207491966,-0.11629847633125927,0.028961938647360033,0.1452604149786193
-1.6663692005944293,8.058953259769325,-0.1060862006373909,0.01644678740229688,0.12253298803968778
-1.580540718094346,8.101638578556372,0.014864864410185502,0.11122554080177317,0.09636067639158767
-1.6235564920058112,8.106603518017232,-0.05007870125160538,0.0862407483488416,0.13631944960044698
-1.6167918070980718,7.4996533525647004,-0.06363760215431605,0.08053223078007749,0.14416983293439353
-1.6303999179061825,7.513683354681642,-0.11415904163453224,0.031046459893480996,0.14520550152801323
-1.6141936531883465,8.175204527492212,-0.11894640037627713,0.055217222803779525,0.17416362318005665
-1.716206612234917,8.174952961242946,0.0023932051419895684,0.0976943826794091,0.09530117753741953
-2.784016697200198,7.289449216387286,-0.00021644887832306114,0.10775387004553233,0.10797031892385539
-2.7972904008786834,7.285953015275077,-0.0561098839054386,0.08890191445284319,0.1450117983582818
-2.790254529098143,7.292100299584851,0.014689633822156045,0.1537284758988204,0.13903884207666437
-2.7294595259494625,7.281054866791671,-0.023650958114643045,0.07162925637403537,0.09528021448867842
-2.7238974583661753,7.266006223961003,0.03713241769346985,0.14984862070341173,0.11271620300994188
-2.65824207329461,7.357285354580804,-0.021499044327899966,0.10490840397426397,0.12640744830216394
-2.6919030191174933,7.19541716195214,-0.04671067713561457,0.10034160457607356,0.14705228171168813
-2.7691599905673776,7.148998682559026,-0.029109411068260704,0.13496595409213472,0.16407536516039542
-2.77408331622102,7.179997967110111,-0.05057129586685449,0.0695866514056644,0.1201579472725189
-2.89033540672925,7.562680983977892,-0.08050140573414268,0.08197345471465158,0.16247486044879425
-2.892930910027055,7.593506329112565,-0.09452071971053522,0.04441125422624195,0.13893197393677717
-2.8806818552189113,7.572535123773707,0.014448975914839485,0.13507892590322693,0.12062994998838744
-2.8821769437775537,7.586517022761663,-0.011910936504941197,0.10989122853187543,0.12180216503681662
-1.999213179575908,7.2696727788809925,-0.0191892460724378,0.14190732077999396,0.16109656685243176
-2.022117597536842,7.239731432169894,-0.03979506772332825,0.10440426293216179,0.14419933065549004
-2.0212176583653285,7.239714779699212,-0.002071557617454728,0.1421277730380353,0.14419933065549004
-2.044204258220471,7.2430347431706075,-0.083726902399442,0.06441385678024916,0.14814075917969116
-2.067015798947277,7.273330576299638,-0.019247799904551777,0.1372640655927603,0.15651186549731208
-2.068016175991058,7.272840520599309,-0.06855064580428431,0.0790917730469471,0.14764241885123142
-2.024474118137039,7.268194395509525,-0.06519022552572153,0.09590634132671023,0.16109656685243176
-2.0101575903010573,7.242689589905751,-0.019145372752140927,0.12639093155973458,0.1455363043118755
-2.0294795356209527,7.245987973697054,0.04558651186098675,0.19356933220381012,0.14798282034282337
-2.0107052732336292,7.233551132860545,-0.038172343231153344,0.13024222069586402,0.16841456392701737
-1.9937227961585993,7.238001867756603,-0.034212026259009376,0.134202537668008,0.16841456392701737
-1.995480019423064,7.237883176357333,-0.0955204380174851,0.07289412590953227,0.16841456392701737
-2.0072521664948453,7.236667635404323,-0.06602064830671468,0.10239391562030269,0.16841456392701737
-2.0105573659395586,7.2324498017049175,-0.07664098915508176,0.09177357477193561,0.16841456392701737
-2.0097793978218554,7.2465650806433075,0.02227359784546612,0.15492197765125226,0.13264837980578614
-2.0107415582630748,7.24830519525824,-0.0429776160043788,0.08967076380140734,0.13264837980578614
-2.753383372630529,7.635153766163981,0.006971808774141441,0.1515987577986731,0.14462694902453166
-2.6106585271062874,7.563193867951252,-0.10326396867645385,0.041130838317785606,0.14439480699423946
-2.7007090359745733,7.147466649517506,0.016094838585877402,0.15454864765209336,0.13845380906621596
-2.7491050419275678,7.24295131661008,-0.05562674056292393,0.059621164446236045,0.11524790500915998
-2.9287312326538713,7.183041674193983,-0.01013170296610108,0.13166313461167373,0.1417948375777748
-2.621376178179536,7.239872649382749,-0.08963971401660378,0.05949812057629331,0.1491378345928971
-2.693816292447045,7.210243799203396,-0.008903196316923559,0.12177058480788812,0.13067378112481168
-2.69449145835569,7.208508188386102,-0.1039472710985441,0.05537133925827358,0.15931861035681769
-2.594935220647764,7.983610985247426,0.0308922895641109,0.1393321995397775,0.10843990997566659
-1.832070706359807,7.69855471786798,-0.021393126604468987,0.13130030956935937,0.15269343617382836
-1.872565297787614,7.723715967854266,-0.05429803436587151,0.07057112818084907,0.12486916254672058
-1.835493857453803,7.720076189749283,-0.0047896131691611,0.12007954937755948,0.12486916254672058
-1.8572867518382166,7.686328094529309,-0.0171012649442851,0.13559217122954326,0.15269343617382836
-1.8299027801699923,7.706078143593111,-0.12081450358069915,0.0570205997478061,0.17783510332850525
-1.8235609679790947,7.709447907138951,-0.11334651221615974,0.05237188054114438,0.16571839275730413
-1.8234215540843433,7.732164443778096,-0.07444915105433113,0.05080520129930709,0.12525435235363822
-1.8343630579110846,7.694273866431837,-0.10783954958960343,0.04485388658422493,0.15269343617382836
-1.8328128843606204,7.704137232209931,-0.12723100286107591,0.050604100467429323,0.17783510332850525
-1.8425450772758956,7.6782176940282145,-0.0010101887502880769,0.13464110478443944,0.13565129353472752
-1.8766125061645063,7.721561175874358,-0.0056394700536328,0.11922969249308778,0.12486916254672058
-2.056470907113152,7.166601395645672,-0.09118847174173839,0.024567908137952274,0.11575637987969066
-2.747813295697167,7.56299115189247,-0.09236350751642686,0.07437298661293743,0.16673649412936428
-2.925696095938294,7.320208643546104,-0.08171838153531821,0.04717086327362208,0.1288892448089403
-2.611087044766834,7.149395839232845,-0.00874056808653767,0.13198426825337162,0.1407248363399093
-2.640566293695125,7.176601443572452,-0.06674202551152542,0.07691487908018455,0.14365690459170996
-2.6363840716749833,7.170065262435728,-0.09813786456342916,0.030934048241536893,0.12907191280496605
-2.7770092105205664,7.328132897714268,-0.02190204345640756,0.10294693284636434,0.1248489763027719
-2.7048020208428443,7.204942700459243,-0.0428857357399038,0.12127266854151734,0.16415840428142114
-2.6706172485448563,7.182928155410929,-0.0680422669868094,0.05574466580398571,0.12378693279079511
-2.651377381293603,7.148301232569148,-0.06237305072633868,0.08467353149938038,0.14704658222571906
-2.639309952425581,7.144537651871839,-0.06508279329518302,0.057899389645109725,0.12298218294029274
-2.8439227522822623,7.174179404451936,-0.006384347096241527,0.14804999046898884,0.15443433756523037
-1.6660496880973104,8.129353903105958,-0.02856954736394475,0.07768295825137886,0.10625250561532361
-2.635533924260304,7.817476056547024,-0.00661652984252345,0.06548279571497914,0.07209932555750259
-2.702300411486017,7.351612293681696,-0.07460632216704564,0.093644329258336,0.16825065142538165
-2.8187143642024592,7.647805016540643,-0.0018477516478528078,0.08708292814138986,0.08893067978924267
-2.667956110298148,7.745202452481379,-0.006840804572450551,0.12471672254237214,0.1315575271148227
-1.8675546552504327,7.687445099864501,-0.0058194526848150685,0.1468739834890133,0.15269343617382836
-1.7446641910414336,7.790188352735274,0.0018733276048515934,0.14719217654294497,0.14531884893809338
-2.8362978451524286,7.618040865178466,-0.09561807024466161,0.07975989085511605,0.17537796109977766
-2.9345669664901806,7.194584766489667,-0.047076843122232065,0.10861477259220151,0.15569161571443357
-2.7049489995737215,7.2421389819861,0.03681159544199576,0.15831699623219886,0.1215054007902031
-2.523187391127214,8.011195532688381,0.05194583361787922,0.15993394995175023,0.10798811633387101
-2.8039027157973666,7.612412064863098,-0.10793657139713475,0.0590119415028715,0.16694851290000626
-2.713249283709512,7.343062168165615,0.003391131513376097,0.12067429909902047,0.11728316758564437
-2.690599562261372,7.283940351006121,-0.015392654106105422,0.11357463405641673,0.12896728816252215
-2.809570309109651,7.480390983874994,0.028105753343217535,0.13470827686667738,0.10660252352345985
-2.6010795070173582,7.74762655019712,0.03652358984039637,0.14803193784918708,0.11150834800879071
-2.5961676335162194,7.3031803228679255,-0.0553102096883462,0.05207900760964336,0.10738921729798956
-2.7898492295396777,7.781416320964416,-0.06914465847563141,0.06679151118854783,0.13593616966417923
-2.670835424575293,7.162611256982078,0.008515923267671421,0.13391956776491887,0.12540364449724745
-2.8176948541427103,7.510899256214913,0.0002458680051620754,0.10201729170369944,0.10177142369853737
-2.8474572809830407,7.485213063083127,-0.136188946306438,0.0022558692826557813,0.13844481558909377
-2.8234229876576427,7.469868296149155,-0.1303693830990128,0.025816137429876415,0.15618552052888923
-2.825712009166778,7.560067076079414,-0.04466837259667848,0.12362807193455709,0.16829644453123557
-2.7128742170699915,7.127583788723052,0.008923168456967598,0.1310426587480094,0.12211949029104181
-2.6544156710310522,7.249142957031139,-0.09544966696666013,0.0391215164202289,0.13457118338688903
-2.7139207548974427,7.35664616399023,-0.008960662315106865,0.14196503760936935,0.15092569992447621
-2.8356968501199806,7.64661779457384,-0.0508289504965628,0.08751981209415063,0.13834876259071344
-2.6906240894225757,7.862008099391914,-0.08276741620287764,0.05285608654890266,0.1356235027517803
-2.037511198804344,7.128666992838773,-0.09531826597152693,0.07226757261796199,0.16758583858948892
-2.933117402283484,7.1937902317272675,-0.11124683120848333,0.044444784505950234,0.15569161571443357
-2.7001237601484505,7.167461472313754,-0.0620925099639901,0.06993173869799535,0.13202424866198545
-2.829337689411643,7.467671475985011,-0.11864379505738043,0.017306285222677797,0.13595008028005823
-2.6484099991352714,7.160729770870669,-0.04015615908867372,0.09269901614207911,0.13285517523075283
-2.9214601033856455,7.1929547858713105,-0.029992797960669657,0.12045898489297595,0.1504517828536456
-2.646589143984845,7.736151039029954,-0.09756351107148412,0.03920815136673486,0.13677166243821898
-2.7008662614545917,7.347748349991332,-0.042087015064880134,0.09651485136616378,0.1386018664310439
-2.6778198766509647,7.88368835168172,-0.0836805759139953,0.06200461481659041,0.14568519073058572
-2.6400496981538675,7.744505214526986,-0.01776671365453475,0.12388963508529802,0.14165634873983277
-2.589553300757907,8.002621869040881,-0.16728106830836167,-0.0014050978345539478,0.16587597047380773
-1.643968014377011,7.796103994365625,0.0029449773233031634,0.1256993316180579,0.12275435429475474
-1.759636900077099,7.707852988113279,-0.1276193259122178,0.019454222906973143,0.14707354881919096
-2.853390416219355,7.462279434651428,-0.05682182499874991,0.08698250545861747,0.14380433045736737
-2.820180677946853,7.635636749477834,-0.06617193428504588,0.06602543910772664,0.13219737339277252
-1.6551481779477348,7.714409344689773,-0.04590397136779492,0.08065047707402781,0.12655444844182273
-1.681378552615793,7.892754565056716,-0.06602364474254299,0.03156558821534776,0.09758923295789075
-2.625459408830501,7.950285547680362,0.03299886613043021,0.16552578090157882,0.1325269147711486
-2.639841176975049,7.759465692552146,-0.13677564992225916,0.041764350740365844,0.178540000662625
-1.740460772671722,7.787705964294776,-0.10024030038907386,0.04507854854901951,0.14531884893809338
-2.776892733946646,7.254565705878841,0.053291118253882955,0.17118246457359176,0.11789134631970881
-2.6512247124245074,7.229683697894895,-0.03724164194632375,0.10935346871517788,0.14659511066150163
-1.7369823323355649,7.715086995098884,-0.07808263119143719,0.04312122601465486,0.12120385720609204
-2.8548725666867485,7.460483536893527,-0.055216351682323,0.09039091761203849,0.1456072692943615
-2.8140443595564757,7.53847404238439,-0.02536957931393892,0.08589936228999645,0.11126894160393537
-1.9942861889168884,7.285225418280863,-0.12970795203833377,0.0249186648218655,0.15462661686019927
-2.826428515853468,7.515691200674077,-0.09099045468424814,0.06395297105123439,0.15494342573548253
-2.647978335007808,7.149196563128366,-0.052354572124481705,0.09469201010123736,0.14704658222571906
-2.929239034530613,7.284005564854404,0.00012681532790170813,0.1489895520451772,0.14886273671727548
-2.7556894175962725,7.228985691037014,-0.009394679205142933,0.08786914658450676,0.09726382578964969
-1.7337703719002782,7.7883126100551525,-0.05429194765788169,0.0910269012802117,0.14531884893809338
-2.536639136803094,7.996984513630148,-0.0488846871612435,0.061562999819671615,0.11044768698091512
-2.8042465000968586,7.806190089382366,0.0002684456439807359,0.14182741281074585,0.1415589671667651
-2.8496141725547215,7.470550303796425,0.012150976778919437,0.13369751356303997,0.12154653678412053
-2.9055973081054423,7.321403666723489,-0.009361905576091928,0.12895206046522373,0.13831396604131566
-1.7227176669102506,7.772301888405204,-0.028391262418055424,0.10049723233292243,0.12888849475097786
-2.5978153479682753,7.283919917018708,-0.0567528652010052,0.028659910400045577,0.08541277560105077
-1.749346430497863,7.913750476818138,0.04149524253199825,0.1414401357514075,0.09994489321940923
-2.713642255412985,7.661853590180848,0.015156070082389478,0.09820784941338682,0.08305177933099735
-2.8596565943104806,7.181984037554244,-0.07263036531561304,0.08283915609757356,0.1554695214131866
-2.8154851488412507,7.560320352204344,-0.04378063553543357,0.11463528059949052,0.1584159161349241
-2.6380386304356827,7.298017320157848,-0.06252123418861497,0.10521596756077667,0.16773720174939163
-1.6781059669959457,7.89421692825808,-0.04669554868749054,0.05089368427040021,0.09758923295789075
-2.897627705494629,7.599786901095541,-0.0338995180937369,0.08232648981758613,0.11622600791132302
-2.8072165059833467,7.5052025584841635,-0.13706068272792832,0.015828102718542153,0.15288878544647047
-2.8228692179749113,7.552162973405055,-0.022569078179523083,0.09941311865315622,0.1219821968326793
-2.8690642882262725,7.3114139088428916,0.008165126722256194,0.1516653662266479,0.1435002395043917
-2.897284627116956,7.20008875858098,-0.09445509821504,0.02038416422632404,0.11483926244136404
-2.927190756976563,7.326166908288962,-0.040995367355414356,0.10120237893208199,0.14219774628749635
-2.8937492153135493,7.520546238152065,0.0018159022144798587,0.12387609841936997,0.12206019620489011
-1.5266985928342456,7.987024154282982,-0.042982969241894015,0.1300869933164276,0.1730699625583216
-2.057292947654639,7.166208867489545,-0.05129634983416756,0.0644600300455231,0.11575637987969066
-2.740734878498699,7.293583880782166,-0.10395479499887289,0.049506309354069834,0.15346110435294272
-2.8866141176188407,7.572300945610961,-0.05839245511273444,0.0711438174648536,0.12953627257758804
-2.9282326054751437,7.492615061131743,0.0007070979472879046,0.14581658325829697,0.14510948531100906
-1.6990425194813707,7.828204497095887,-0.08798258858265962,0.02399866289639352,0.11198125147905313
-1.891464725956974,7.6866840641205965,-0.10796404996600441,0.04472938620782395,0.15269343617382836
-1.7273286734080004,7.727019662540723,0.0010603418103527218,0.07653168164991715,0.07547133983956443
-2.6782486421097986,7.129055071198353,-0.07483092841941912,0.054821808847690265,0.12965273726710938
-2.821474148803727,7.644389770046239,-0.03102803731503892,0.09404974511261038,0.1250777824276493
-2.6377597069481484,7.817722354293709,0.08311076389850508,0.15521008945600767,0.07209932555750259
-2.636659243558258,7.18392163399323,-0.062041275380172255,0.04523962523405376,0.10728090061422602
-2.5191201165086814,7.0342087184604,-0.058946134059599836,0.0896526205870938,0.14859875464669364
-2.746391021298643,7.781190019281066,-0.037600233608912126,0.09545345928517998,0.1330536928940921
-2.8703974478832692,7.628770357865992,-0.05897100871769359,0.08174737756014563,0.14071838627783922
-2.895295469311319,7.205253045359189,-0.08698908261013207,0.029506151004588685,0.11649523361472075
-2.8232164132369224,7.512203686316151,-0.08833912043697542,0.0690113280685706,0.15735044850554603
-2.9073988996323368,7.209885668849031,-0.09039246863004677,0.06913687323490858,0.15952934186495535
-2.680917989655437,7.130595564834011,0.0002876758457364681,0.12240716613677828,0.12211949029104181
-2.8314743468657015,7.644601518178832,0.0006461952125395853,0.11342233050333718,0.1127761352907976
-2.7902057250997685,7.780608609689254,-0.10531579114447275,0.03062037851970649,0.13593616966417923
-2.816842859915278,7.482126847524783,-0.04640332371914224,0.07954027296329527,0.12594359668243751
-1.4519210566532192,7.270949992779929,-0.023658444211255153,0.07478928125628223,0.09844772546753738
-2.8181142769755763,7.474078838411636,0.02836675747405476,0.17789720191612435,0.1495304444420696
-2.782853392191491,7.7525377897049985,-0.02928795983873035,0.10807715357266813,0.13736511341139848
-2.8214599675932837,7.523056299541751,-0.08175620659709004,0.05054758640071752,0.13230379299780756
-2.6384441278301694,7.760833493425271,-0.11536551341189435,0.06317448725073066,0.17854000066262501
-2.613102083432727,7.154696799165629,-0.07689391189046675,0.07990109323379364,0.1567950051242604
-2.648890227290425,7.1457197443498535,-0.053448196025176684,0.11101943816644476,0.16446763419162144
-2.837041355444357,7.6249943213243725,-0.004143298522189046,0.116166679738814,0.12030997826100305
-2.8354689857330246,7.647674115423318,-0.03412849159767273,0.10422027099304071,0.13834876259071344
-2.5916182876420573,7.966766667108569,-0.07202709244581731,0.08698985968327688,0.1590169521290942
-2.707404674460314,7.2106252000462,0.0006620902666476663,0.09008798638400561,0.08942589611735795
-2.862693903693447,7.60018355936483,-0.04776907133185762,0.09038329249060703,0.13815236382246465
-2.833464600789545,7.577172303050399,-0.10733780686190358,0.0209177843139928,0.12825559117589638
-2.7676480416717233,7.256877061678801,-0.05015668948998103,0.09322575189096544,0.14338244138094647
-2.6402572261148354,7.74776599986091,-0.039953018352154354,0.07155532965663636,0.11150834800879071
-2.8909200599293006,7.484130088054804,-0.12083451379175489,0.02638113072704129,0.14721564451879618
-2.8150797175414946,7.607369203289337,0.04275004316728567,0.19735106827753235,0.15460102511024668
-2.845707363614769,7.4874447491458165,0.016666243303383996,0.108874751451459,0.092208508148075
-1.5095814820696654,7.691510810862638,-0.07471929648194885,0.09635033684768847,0.17106963332963732
-2.800192665886184,7.563521100373344,-0.11624700111479655,0.08021262439497684,0.1964596255097734
-2.843184444199983,7.463311918927564,-0.02167767166731982,0.12646934326324483,0.14814701493056465
-2.8376564769418504,7.643159207046431,-0.08509677958448697,0.046983389113305386,0.13208016869779235
-2.67238618228927,7.745176142383532,-0.04889110737642084,0.08266641973840184,0.1315575271148227
-2.659307701478783,7.356755681022463,-0.07059862537447505,0.05580882292768889,0.12640744830216394
-2.763081246807235,7.278051390203586,-0.021476218497300442,0.12610563985419682,0.14758185835149726
-2.8538951898129445,7.4630840573350214,-0.08272745858317884,0.06107687187418853,0.14380433045736737
-2.6667555419694167,7.721926475379758,-0.03408735674440394,0.14205576808861528,0.17614312483301922
-2.6375536693788417,7.154836548308099,-0.10100103928860618,0.09163043372064084,0.19263147300924702
-2.806728725333019,7.588836581318205,-0.03849144526944909,0.12832858406673636,0.16682002933618545
-2.862969390273805,7.4778002942142345,-0.02993240338154933,0.11259407314357674,0.14252647652512607
-2.8075141985556,7.610632321060523,-0.01105042476561588,0.1402882830278118,0.15133870779342767
-1.7319332207855085,7.579184295240307,-0.08277861772108128,0.056522582966802015,0.1393012006878833
-2.677292679202917,7.202940491348058,-0.002918238288868863,0.13383617376775891,0.13675441205662778
-2.0402417035721605,7.1205810627716435,-0.1418319053241252,0.017571276564370922,0.15940318188849614
-1.9253164693814473,7.7419492087173385,-0.035962569321780366,0.0976113240087748,0.13357389333055517
-2.827885698819785,7.653337048447138,-0.054181516974154464,0.07287127884327338,0.12705279581742784
-2.8566067910526938,7.46224583538577,-0.10699506858515893,0.03680926187220844,0.14380433045736737
-2.731166526873221,7.575465465315231,-0.08958834902358985,0.058272070750279695,0.14786041977386954
-2.829906293253617,7.621201686243783,-0.04620493019704319,0.06889245949626799,0.11509738969331118
-2.809953698235301,7.5068367762385595,-0.08752444608407639,0.08754482935163763,0.17506927543571402
-2.6241701632204064,7.816328366939828,-0.01583851066200559,0.0737563146223339,0.08959482528433949
-1.516781544507608,7.72146921005117,-0.024863836682117363,0.09916109088866551,0.12402492757078287
-2.798769660673304,7.128150982050775,-0.04806461130700352,0.060933350745280064,0.10899796205228358
-2.6766440557293243,7.882535116897505,-0.06991321417264175,0.07577197655794397,0.14568519073058572
-1.591081304602565,7.812858217230014,-0.03909512902647094,0.0836592252682838,0.12275435429475474
-2.8262055471768637,7.596998302471638,-0.08335243313839635,0.10344804133789179,0.18680047447628814
-1.7051220277448724,7.749629362122732,0.008167564529208568,0.13145158583717764,0.12328402130796907
-1.6411049866509682,7.787919309161877,-0.0043857350067552925,0.13165384629674592,0.13603958130350122
-2.6899765034674403,7.644636642260429,0.0067703400095798505,0.10577432765569092,0.09900398764611107
-2.6171855552669294,7.178251032406107,-0.03406059464951952,0.11387062669743514,0.14793122134695466
-2.634209809117325,7.816832716171468,0.03679908490800737,0.10889841046550996,0.07209932555750259
-2.60494842152427,7.155504214396782,-0.02939390542251294,0.08258502861373104,0.11197893403624398
-2.8315269249931414,7.607645067749316,0.0006096979103241418,0.13362448610995092,0.13301478819962678
-2.8386038593035483,7.233713038538786,-0.08227496027446259,0.057391794115681946,0.13966675439014453
-2.692459670800149,7.201114350603593,-0.10923233821444374,0.009777890331238492,0.11901022854568223
-2.764722804959504,7.637994651602712,-0.08999397439129998,0.05205744575631703,0.142051420147617
-2.585786353030848,7.289358233665841,0.049898644316137955,0.15473107423438004,0.10483242991824208
-2.602277639549659,7.947477859739591,-0.05054578741523394,0.0833918081830975,0.13393759559833143
-2.620855772155284,7.17414399190671,-0.01610597090506799,0.10731341825971824,0.12341938916478623
-1.6161172622063942,8.081493908417732,-0.055148899999751255,0.0842940993040514,0.13944299930380266
-2.84364305283414,7.525007980660186,0.00802654943625429,0.11938994381070703,0.11136339437445274
-1.729889523586151,7.728715629812213,-0.05047284829901162,0.09876993197226784,0.14924278027127946
-2.653891581034564,7.160880777544307,-0.048957397537720035,0.0929191356122454,0.14187653314996543
-2.7434593122554602,7.232274842526593,0.019912310009963227,0.12157869007211869,0.10166638006215546
-2.8220872710972853,7.5236717545203105,-0.071434483872009,0.07624152657800941,0.1476760104500184
-2.8057048630548063,7.603679108820015,-0.011520471372901825,0.11142726687327617,0.122947738246178
-2.8109983609601312,7.4809273978880135,-0.018140833288728134,0.08846169023473172,0.10660252352345985
-1.7428520383946968,7.919888644386712,-0.00865679585435071,0.09128809736505852,0.09994489321940923
-2.915745425632742,7.564994908225047,-0.07318134573363405,0.06141890502842246,0.1346002507620565
-2.6358772140962445,7.135895543766685,-0.08185526484095618,0.08672986272577654,0.16858512756673272
-1.6894212162919175,7.7440775796286045,-0.04664590406208079,0.07306781288961839,0.11971371695169918
-2.823880663979553,7.607352614161233,-0.0016664086122541444,0.14325664750796596,0.1449230561202201
-2.827128528917528,7.483199555186138,-0.13379304918039728,0.02506899011793201,0.1588620392983293
-2.883157364779765,7.3229116039110576,-0.03562008124899327,0.13314891544066743,0.1687689966896607
-2.8094751266040676,7.487871187856251,-0.09114606222719349,0.02254117741106275,0.11368723963825624
-2.8277726526020843,7.524002625055877,-0.029312953670400016,0.11836305677961839,0.1476760104500184
-2.741472299630496,7.66542854773459,-0.05552891538574655,0.06061533016307801,0.11614424554882456
-2.940834029937583,7.30428945350882,-0.047809197075709964,0.1195855350950703,0.16739473217078027
-2.8045900270190462,7.611386275425209,-0.060635786130106575,0.0907029216633211,0.15133870779342767
-2.827915794508272,7.650830779451426,-0.09141163676475705,0.03564115905267078,0.12705279581742784
-1.6827409700369462,7.890715167324133,0.05527274571554956,0.1528619786734403,0.09758923295789075
-2.783016366911828,7.164673861173997,0.0050058942489080716,0.12841914501393703,0.12341325076502896
-2.894160899270082,7.603679150905961,-0.03132548244982902,0.11693336919395195,0.14825885164378097
-2.8277286138524538,7.525484989165787,-0.07877153971430872,0.06890447073570968,0.1476760104500184
-2.7198565202168963,7.669459191838649,-0.00023959785246874254,0.12986555376500356,0.1301051516174723
-1.7622075979799086,7.529147511862595,-0.11425001475934209,0.04190343189287381,0.1561534466522159
-2.8338174665605522,7.640939183468832,-0.12984130584310025,0.002238862854692103,0.13208016869779235
-1.9900968102629621,7.285809712433069,-0.12444430336627171,0.030182313493927554,0.15462661686019927
-2.700258431298313,7.271635743578833,-0.08593075370758077,0.05707650247429057,0.14300725618187135
-2.829383202003536,7.1288369090264565,-0.06731076726675388,0.06409685086819762,0.1314076181349515
-2.7470411000576647,7.728762175437096,-0.04740366085122592,0.07753657010846424,0.12494023095969016
-2.889441985009952,7.2007668804089,-0.08564896501888736,0.07940180414597522,0.16505076916486258
-2.7563632572354035,7.652410925356719,-0.052546745018323265,0.06850679214377665,0.12105353716209992
-2.709724052580376,7.214827098506571,-0.08778575517759452,0.00691477956902059,0.0947005347466151
-2.7556815209062653,7.289091047117365,-0.020821148555466823,0.10386918143964721,0.12469032999511404
-1.66084647678888,7.761929661693558,-0.035893118670876314,0.08468366035504392,0.12057677902592023
-2.653685327623544,7.145508252032222,-0.09791406474261155,0.06655356944900989,0.16446763419162144
-2.8946255154444804,7.195046110581883,0.03113566481243045,0.15451689423765316,0.12338122942522271
-2.652451354935291,7.544412036455994,-0.019986332512366853,0.08562905468867468,0.10561538720104154
-2.6704312167421924,7.338863189846713,-0.0689014674885745,0.09825833276315936,0.16715980025173385
-2.693109704383586,7.8469608311021695,-0.01673461470429191,0.12922570637489156,0.14596032107918347
-1.740985778088389,7.724812113947601,-0.08644880334497364,0.03322584462644523,0.11967464797141887
-2.918555607891982,7.173176527864064,-0.08131602666890772,0.09485037774594812,0.17616640441485584
-2.7903012808843233,7.712594456101226,0.041913944807886044,0.12908700986869834,0.0871730650608123
-2.642290074379427,7.138803940240761,-0.06283101748707735,0.09196418608664568,0.15479520357372303
-2.834804370975152,7.6436614593937025,-0.09102055733858722,0.04105961135920514,0.13208016869779235
-2.825963920639766,7.198269489368518,-0.05185423247536865,0.07553603131229848,0.12739026378766713
-2.7468679402447904,7.6520062939768,-0.010260385410348224,0.1037374391212332,0.11399782453158143
-1.7304316842526564,7.7398998310293035,-0.13487609133488354,0.007311128613736409,0.14218721994861994
-2.9362571599972958,7.310287470104665,-0.11126699366135515,0.03898823820574774,0.15025523186710288
-2.7648146847184747,7.6557341923513285,0.05487578673938283,0.1786885496292746,0.12381276288989178
-2.802353663408559,7.714474958175241,0.02897972450195402,0.11615278956276631,0.0871730650608123
-2.8555941410163737,7.468806869132128,0.01645994932839301,0.1581057635500838,0.14164581422169079
-2.7335809338618717,7.55561758331279,0.009212358734777201,0.13218534346333105,0.12297298472855385
-2.8205366862866326,7.526834306314692,-0.04580918730312747,0.11234731301331344,0.1581565003164409
-2.668878062863516,7.16052737978016,-0.04224192475470884,0.08281867196437273,0.12506059671908157
-2.529133396315087,6.983916268073733,-0.02219489872676711,0.11181098272416232,0.13400588145092943
-2.661174978215938,7.730256899186893,0.007299161507298396,0.15669849601621894,0.14939933450892054
-1.878720782615675,7.732189571735359,-0.0031012585575231344,0.13047263477303203,0.13357389333055517
-2.8207122881567273,7.51320581599631,-0.084931626748106,0.10280603280356473,0.18773765955167074
-1.7402976987689696,7.76479323980577,-0.07623905435006734,0.08856142309361495,0.1648004774436823
-1.982100829062747,7.267422009679713,-0.0354602625730491,0.11672959067377625,0.15218985324682535
-2.634435437105595,7.533856958525902,-0.07512627540645277,0.07345421049379601,0.14858048590024878
-2.886550345615419,7.177757806779161,-0.02238033373525368,0.11673592523740699,0.13911625897266067
-2.7034934343823447,7.633904903536377,-0.030553654824395718,0.06648586937816592,0.09703952420256164
-2.6574093637719383,7.730663729849013,-0.06846401178330834,0.0809353227256122,0.14939933450892054
-2.7243102604849443,7.207142695523084,-0.102685881260763,0.05263637041890698,0.15532225167966998
-2.7391401358750156,7.241831602534505,-0.06140055275762331,0.07732995214803821,0.13873050490566152
-1.6619903390522002,7.890614749816612,-0.030505794614313075,0.06708343834357768,0.09758923295789075
-1.7223464290101251,7.891918020841041,0.04814556579755973,0.1668604464265825,0.11871488062902276
-2.6743307278223,7.719661132132073,-0.11791194663658633,0.058231178196432885,0.17614312483301922
-2.83900813364816,7.625439390016817,-0.008346895845471658,0.11196308241553139,0.12030997826100305
-2.6816267172663526,7.249368554037575,-0.0882723837100018,0.05603094258714954,0.14430332629715134
-2.6820522162301352,7.1876970846823145,0.0012521742394808327,0.09776963354039687,0.09651745930091604
-2.9353117295373425,7.317300674672166,-0.042278784985018525,0.10797644688208435,0.15025523186710288
-1.748436828437607,7.914073368909567,-0.08189124752420468,0.018053645695204554,0.09994489321940923
-2.6804185830703258,7.146553503098337,-0.12069820893427824,0.037096537490467506,0.15779474642474575
-1.6554873649792148,7.713146084494499,-0.07085072247381803,0.0557037259680047,0.12655444844182273
-2.8981642074435157,7.6003617905247545,-0.07516195662136155,0.041064051289961476,0.11622600791132302
-2.70267106557515,7.639555293464828,-0.034230006529446494,0.0993315784817117,0.1335615850111582
-2.6361228335024274,7.157274026987661,-0.08664310424154267,0.10598836876770434,0.19263147300924702
-2.7181244041126633,7.662685892441025,-0.031900801456433814,0.05115097787456353,0.08305177933099735
-2.6932992344320303,7.246942588521602,-0.059306988683187706,0.1010163343511673,0.160323323034355
-2.8089431967540257,7.6295799326354405,-0.08372913299914302,0.07798869822160197,0.16171783122074498
-2.7929262214915256,7.6404027276310496,-0.030673963469514162,0.09162200659010675,0.12229597005962091
-2.7213774797792074,7.744590484692592,-0.07981678854051749,0.06940622183655151,0.149223010377069
-2.671684704640867,7.756201124855482,-0.05107014558321857,0.11628158276341014,0.1673517283466287
-2.6223453200139173,7.291780767762733,0.008081147935408733,0.16446702879138245,0.1563858808559737
-1.7311644697564945,7.72690241196873,0.013847708845148757,0.12832203705598028,0.11447432821083152
-2.8631026224442944,7.464139306897801,-0.009570158492489156,0.15432241564452293,0.16389257413701208
-2.7050056546277883,7.197647449694742,-0.07669880262324438,0.03688135910953573,0.11358016173278011
-2.738215358230365,7.756653878503545,-0.06994489570687046,0.06742021770452802,0.13736511341139848
-2.060893199731466,7.255717469842977,-0.024136707241492403,0.11953990497751664,0.14367661221900904
-2.906150499977594,7.3217541405412305,0.02083438930378892,0.15914835534510458,0.13831396604131566
-1.7411677742474854,7.705810070502963,-0.004716968330280957,0.12311849793007609,0.12783546626035705
-2.6948178883187723,7.167428566433103,-0.10405515375144384,0.052698588414297726,0.15675374216574156
-2.699329276175774,7.867415437723987,-0.0580791108141733,0.07754439193760701,0.1356235027517803
-2.8887863271570895,7.587936183026429,0.006660393531086259,0.10980298633670192,0.10314259280561566
-2.7193242797122266,7.237647957136285,-0.07598186733802388,0.08888430009150862,0.1648661674295325
-2.8646041353454548,7.57374911699291,-0.03989007123086314,0.06225155677582842,0.10214162800669156
-2.726249802714105,7.894683253377939,-0.0620758773510518,0.08360931337953392,0.14568519073058572
-2.487864267093837,7.076013999110172,-0.006389577930287077,0.09519368721209769,0.10158326514238476
-2.7015518807793666,7.272570262235416,-0.09952175581649916,0.050233305169941685,0.14975506098644084
-2.6731156853928058,7.175578004087334,-0.009871462482402893,0.13714938104654287,0.14702084352894576
-2.6603102019196796,7.789926635935286,-0.0643860507836729,0.07733617745252033,0.14172222823619324
-2.8541415420773735,7.461784216077259,-0.052855470799414855,0.09275179849494664,0.1456072692943615
-2.612375412986348,7.1584759434021885,-0.017281623534034313,0.13927221355640745,0.15655383709044177
-2.686870418264095,7.353266120260052,-0.05708943217513815,0.09055005602354987,0.14763948819868802
-2.7482281470534122,7.2717785190026625,-0.007801488559955633,0.13697507079454674,0.14477655935450237
-2.6824145331619764,7.2352727812508535,-0.08243483159721174,0.05257356384149748,0.1350083954387092
-1.7491539872285817,7.706602305883173,-0.02139660537417612,0.11398414841388388,0.13538075378806
-2.7579050869178605,7.292943129626476,-0.03516251953314595,0.13105153893998606,0.166214058473132
-2.814046422539572,7.480527499283934,-0.045656979459579916,0.06094554406387993,0.10660252352345985
-2.9022207793308703,7.326269686000504,-0.05000548892070468,0.08830847712061098,0.13831396604131566
-1.652361168413358,7.784627507302797,-0.046861955857985596,0.08917762544551562,0.13603958130350122
-2.8035066380311986,7.698511130520894,-0.0006583018847256539,0.10460484712028767,0.10526314900501332
-2.643313013626818,7.679905498641603,0.04544189017232371,0.11574166792827027,0.07029977775594656
-2.7544634498207206,7.6755826857182505,-0.08713871736394427,0.05752933965786294,0.1446680570218072
-2.8158756832783687,7.695973676155021,-0.011985453053668674,0.09327769595134465,0.10526314900501332
-2.683577825794373,7.189020397043825,0.04370541532424477,0.16263536329013234,0.11892994796588757
-2.7165633610281623,7.61028255061702,-0.012516627017408882,0.14006282524824176,0.15257945226565064
-2.8425500110855757,7.583703907766202,-0.008583211282657127,0.12914144150024115,0.13772465278289828
-1.7483447149009779,7.656881280518146,-0.08822244074645506,0.08770325688674545,0.1759256976332005
-2.7875734067989124,7.656922963739935,0.04281573707680539,0.18521089463853918,0.1423951575617338
-2.804048597427536,7.59478041390441,-0.02945592851499798,0.13905219591726292,0.1685081244322609
-2.680719978417167,7.1430763141038875,-0.05531496058591455,0.09737159245303616,0.1526865530389507
-2.7364843938893424,7.224475363410988,-0.020008172218536402,0.10505725005480945,0.12506542227334586
-2.6625029824941593,7.229499934733817,-0.03631912545812571,0.07652831450096026,0.11284743995908597
-2.915768142103438,7.566332229655395,-0.02227863973340767,0.11232161102864884,0.1346002507620565
-2.842109673141567,7.616821082970064,-0.03763265153966332,0.12070915141653037,0.15834180295619368
-2.7191882929110482,7.213414497521137,0.006557068266520527,0.12530953955097807,0.11875247128445754
-2.810563397374248,7.778938600663986,-0.03454555015198765,0.08821127652800119,0.12275682667998884
-2.6474363252387993,7.746373521553086,-0.10775172092019498,0.03390462781963778,0.14165634873983277
-2.7084733382530413,7.210100034882648,0.005751742259251166,0.10595511053955263,0.10020336828030146
-2.620001353392991,7.189084978856978,0.014860388497735286,0.12548532724908545,0.11062493875135017
-2.7172354547043365,7.666041272839369,-0.04579200540585786,0.054700759705081675,0.10049276511093953
-2.825412886936919,7.19640520048255,-0.03540523206347279,0.09198503172419434,0.12739026378766713
-2.8785628529056293,7.559188685695428,-0.029419714592092805,0.1521415646600965,0.18156127925218932
-2.919509259543911,7.259273918789602,-0.05475465108633798,0.04525404756105812,0.1000086986473961
-2.7863587139660355,7.258283711319091,-0.05438379519493959,0.0838831573088845,0.1382669525038241
-2.479252980303294,7.067953478051907,0.04031678062072504,0.1582598442134107,0.11794306359268565
-2.8357764813750177,7.626636024056002,-0.01788593338822471,0.10242404487277834,0.12030997826100305
-2.731139899778713,7.274554279665153,-0.05340208102249065,0.07370750321390994,0.1271095842364006
-2.7221081108391085,7.208781994240141,-0.06272854162761213,0.09550467308936289,0.15823321471697502
-2.8143931007181062,7.478218071134019,0.023107026504224595,0.1304885195556878,0.1073814930514632
-2.815175111929417,7.551897213750266,-0.062157198390894106,0.08725276752228221,0.14940996591317632
-2.840212953624381,7.631010463628858,-0.006500692828968022,0.12089844882744115,0.12739914165640917
-2.644259254729999,7.720785620810457,-0.07047353816863793,0.1056695866643813,0.17614312483301922
-2.695349809678325,7.87111884497205,-0.025085350821692415,0.10911729323464286,0.13420264405633528
-2.74684671992023,7.256141454388111,0.0010656328649991803,0.12358474346234158,0.1225191105973424
-2.6240250406982404,7.18031785246015,-0.04728697257107754,0.0834172205151217,0.13070419308619924
-2.901879628573085,7.587553319015384,-0.03946835434628676,0.056130548379363945,0.0955989027256507
-2.732812041642014,7.242479707433551,0.0018834479857719189,0.1157246154287784,0.11384116744300649
-2.8297628257139826,7.6122876768904195,-0.05641042162229143,0.09023902726337568,0.1466494488856671
-2.5970478360679987,7.946301380143113,-0.05695826708669356,0.07697932851163787,0.13393759559833143
-2.874982603668616,7.5982333803832764,-0.011700404633726041,0.11790818215093798,0.12960858678466403
-2.7185732625804633,7.616270914371486,0.007731334971941867,0.14944857741013526,0.1417172424381934
-2.6670660142239986,7.1566479683686905,-0.05205566278384541,0.08930770791321105,0.14136337069705646
-2.6931024628105784,7.195456844484105,-0.050897401092247524,0.09615488061944061,0.14705228171168813
-2.672724005058583,7.722565350003527,-0.12997734803632716,0.04616577679669207,0.17614312483301922
-2.70514365348431,7.198845051193671,-0.05446332540317746,0.08644682644670139,0.14091015184987885
-2.682976387810236,7.145801718800165,-0.03711319866774773,0.10509419876773568,0.1422073974354834
-2.8577737996588746,7.181005127636476,-0.06052817355807158,0.09494134785511502,0.1554695214131866
-2.795266452715142,7.308117057222554,-0.0560510750088577,0.08058945502012768,0.13664053002898538
-2.8423154133926287,7.469348864445332,-0.0057525950057860376,0.1262853501456098,0.13203794515139583
